"articleNumber","name","brand","category","subcategory","packSizeValue","packSizeUnit","salesUnit","unitsPerSalesUnit","ingredients","dietaryTags","allergens","origin","priceCHF","priceBasis","sourceUrl","verifiedAt","verificationStatus","notes","provenance","identityProvenance","packProvenance","priceProvenance","nameConflict","packConflict","conflictFields","conflictDetails","conflictResolution","resolutionSourceUrl"
"001142","Rinds-Suppengulasch, geschnitten,","","meat_poultry","","1","kg","package","1","","","","","","","https://www-static.transgourmet.ch/public/2024-03/2024_0062_tg-care_kompetenz_fleisch_d_94986_1.pdf","2026-08-22T12:54:07.146Z","verified_public_source","Extracted from an official public Transgourmet PDF.","scraped","scraped","scraped","","false","false","","","",""
"001159","Hackfleisch gemischt (R,S), 5 mm, ca. 5 kg","Quality","meat_poultry","minced_meat","5","kg","pack","","","","","","12.99","per_kg","","","seed_unverified","","seed","seed","seed","seed","false","false","","","",""
"001271","Kalbs-Halsbraten gebunden, ca. 1,3 kg","Quality","meat_poultry","veal","1.3","kg","pack","","","","","","27.69","per_kg","","","seed_unverified","","seed","seed","seed","seed","false","false","","","",""
"001276","Kalbs-Schulterbraten von Hand gebunden,","","meat_poultry","","1.5","kg","package","1","","","","","","","https://www-static.transgourmet.ch/public/2024-03/2024_0062_tg-care_kompetenz_fleisch_d_94986_1.pdf","2026-08-22T12:54:07.146Z","verified_public_source","Extracted from an official public Transgourmet PDF.","scraped","scraped","scraped","","false","false","","","",""
"001283","Kalbs-Brust, Rollbraten,","","meat_poultry","","1.4","kg","package","1","","","","","","","https://www-static.transgourmet.ch/public/2024-03/2024_0062_tg-care_kompetenz_fleisch_d_94986_1.pdf","2026-08-22T12:54:07.146Z","verified_public_source","Extracted from an official public Transgourmet PDF.","scraped","scraped","scraped","","false","false","","","",""
"001366","Schweins-Nierstück mit Huft, ca. 4 kg","Quality","meat_poultry","pork","4","kg","pack","","","","","","10.69","per_kg","","","seed_unverified","","seed","seed","seed","seed","false","false","","","",""
"001382","Schweins-Halsbraten, längs halbiert, gebunden,","","meat_poultry","","2.2","kg","package","1","","","","","","","https://www-static.transgourmet.ch/public/2024-03/2024_0062_tg-care_kompetenz_fleisch_d_94986_1.pdf","2026-08-22T12:54:07.146Z","verified_public_source","Extracted from an official public Transgourmet PDF.","scraped","scraped","scraped","","false","false","","","",""
"001411","Lamm Gigot gerollt, Schweiz","","meat_poultry","","1","kg","package","1","","","","","","","https://www-static.transgourmet.ch/public/2024-03/2024_0062_tg-care_kompetenz_fleisch_d_94986_1.pdf","2026-08-22T12:54:07.146Z","verified_public_source","Extracted from an official public Transgourmet PDF.","scraped","scraped","scraped","","false","false","","","",""
"001412","Lamm Gigot ohne Bein, hohl entbeint,","","meat_poultry","","2.3","kg","package","1","","","","","","","https://www-static.transgourmet.ch/public/2024-03/2024_0062_tg-care_kompetenz_fleisch_d_94986_1.pdf","2026-08-22T12:54:07.146Z","verified_public_source","Extracted from an official public Transgourmet PDF.","scraped","scraped","scraped","","false","false","","","",""
"001482","Bell Poulet Oberschenkel Steak, ohne Knochen, ohne Haut, 50–120 g,","","meat_poultry","","2","kg","package","1","","","","","","","https://www-static.transgourmet.ch/public/2024-03/2024_0062_tg-care_kompetenz_fleisch_d_94986_1.pdf","2026-08-22T12:54:07.146Z","verified_public_source","Extracted from an official public Transgourmet PDF.","scraped","scraped","scraped","","false","false","","","",""
"001483","Poulet Oberschenkel Steak mit Haut, ohne Knochen, 60–130 g,","","meat_poultry","","2","kg","package","1","","","","","","","https://www-static.transgourmet.ch/public/2024-03/2024_0062_tg-care_kompetenz_fleisch_d_94986_1.pdf","2026-08-22T12:54:07.146Z","verified_public_source","Extracted from an official public Transgourmet PDF.","scraped","scraped","scraped","","false","false","","","",""
"001508","Poulet Brust Innenfilet, 20-40 g,","","meat_poultry","","2.5","kg","package","1","","","","","","","https://www-static.transgourmet.ch/public/2024-03/2024_0062_tg-care_kompetenz_fleisch_d_94986_1.pdf","2026-08-22T12:54:07.146Z","verified_public_source","Extracted from an official public Transgourmet PDF.","scraped","scraped","scraped","","false","false","","","",""
"001509","Poulet Rückenfilet,","","meat_poultry","","1","kg","package","1","","","","","","","https://www-static.transgourmet.ch/public/2024-03/2024_0062_tg-care_kompetenz_fleisch_d_94986_1.pdf","2026-08-22T12:54:07.146Z","verified_public_source","Extracted from an official public Transgourmet PDF.","scraped","scraped","scraped","","false","false","","","",""
"001519","Poulet Brust Schnitzel, ca. 100 g,","","meat_poultry","","1","kg","package","1","","","","","","","https://www-static.transgourmet.ch/public/2024-03/2024_0062_tg-care_kompetenz_fleisch_d_94986_1.pdf","2026-08-22T12:54:07.146Z","verified_public_source","Extracted from an official public Transgourmet PDF.","scraped","scraped","scraped","","false","false","","","",""
"001750","Schweins-Hals, Walliser Braten,","","meat_poultry","","2.5","kg","package","1","","","","","","","https://www-static.transgourmet.ch/public/2024-03/2024_0062_tg-care_kompetenz_fleisch_d_94986_1.pdf","2026-08-22T12:54:07.146Z","verified_public_source","Extracted from an official public Transgourmet PDF.","scraped","scraped","scraped","","false","false","","","",""
"001751","Rinds-Sauerbraten mit Beize II,","","meat_poultry","","10","kg","package","1","","","","","","","https://www-static.transgourmet.ch/public/2024-03/2024_0062_tg-care_kompetenz_fleisch_d_94986_1.pdf","2026-08-22T12:54:07.146Z","verified_public_source","Extracted from an official public Transgourmet PDF.","scraped","scraped","scraped","","false","false","","","",""
"001758","Schweins-Hals, Schwedenbraten, längs halbiert,","","meat_poultry","","2.4","kg","package","1","","","","","","","https://www-static.transgourmet.ch/public/2024-03/2024_0062_tg-care_kompetenz_fleisch_d_94986_1.pdf","2026-08-22T12:54:07.146Z","verified_public_source","Extracted from an official public Transgourmet PDF.","scraped","scraped","scraped","","false","false","","","",""
"001759","Schweins-Hals, Tessiner Braten, längs halbiert,","","meat_poultry","","2.7","kg","package","1","","","","","","","https://www-static.transgourmet.ch/public/2024-03/2024_0062_tg-care_kompetenz_fleisch_d_94986_1.pdf","2026-08-22T12:54:07.146Z","verified_public_source","Extracted from an official public Transgourmet PDF.","scraped","scraped","scraped","","false","false","","","",""
"001852","Quality ASC Seesaiblings Filet, mit Haut, grätenarm","Quality","fish_seafood","white_fish","1","kg","pack","","","","","","22.90","per_kg","","","seed_unverified","","seed","seed","seed","seed","false","false","","","",""
"002013","MSC Seelachs Filet Royal ohne Haut, ca. 140–160 g, Wild, FAO 27, tiefgekühlt,","","fish_seafood","","5","kg","package","1","","","","","","","https://www-static.transgourmet.ch/public/2024-07/2024_1187_tg-care_kompetenz_fisch_d.pdf","2026-08-22T12:54:05.471Z","verified_public_source","Extracted from an official public Transgourmet PDF.","scraped","scraped","scraped","","false","false","","","",""
"002031","MSC Schollenfilet, paniert, vorfrittiert, ca. 140–160 g, Wild, FAO 27, tiefgekühlt,","","fish_seafood","","5","kg","package","1","","","","","","","https://www-static.transgourmet.ch/public/2024-07/2024_1187_tg-care_kompetenz_fisch_d.pdf","2026-08-22T12:54:05.471Z","verified_public_source","Extracted from an official public Transgourmet PDF.","scraped","scraped","scraped","","false","false","","","",""
"002114","Schweins-Hals, ca. 2 kg","Quality","meat_poultry","pork","2","kg","pack","","","","","","10.99","per_kg","","","seed_unverified","","seed","seed","seed","seed","false","false","","","",""
"002115","Schweins-Brust, mit Schwarten, ohne Knochen, ca. 3,5 kg","Quality","meat_poultry","pork","3.5","kg","pack","","","","","","7.69","per_kg","","","seed_unverified","","seed","seed","seed","seed","false","false","","","",""
"002188","Weiderind-Voressen, 15–20 g,","Origine","meat_poultry","","5","kg","package","1","","","","","","","https://www-static.transgourmet.ch/public/2024-03/2024_0062_tg-care_kompetenz_fleisch_d_94986_1.pdf","2026-08-22T12:54:07.146Z","verified_public_source","Extracted from an official public Transgourmet PDF.","scraped","scraped","scraped","","false","false","","","",""
"002191","Kalbs-Voressen, mager, 15–20 g,","","meat_poultry","","5","kg","package","1","","","","","","","https://www-static.transgourmet.ch/public/2024-03/2024_0062_tg-care_kompetenz_fleisch_d_94986_1.pdf","2026-08-22T12:54:07.146Z","verified_public_source","Extracted from an official public Transgourmet PDF.","scraped","scraped","scraped","","false","false","","","",""
"002203","Schweins-Voressen, 15–20 g,","","meat_poultry","","5","kg","package","1","","","","","","","https://www-static.transgourmet.ch/public/2024-03/2024_0062_tg-care_kompetenz_fleisch_d_94986_1.pdf","2026-08-22T12:54:07.146Z","verified_public_source","Extracted from an official public Transgourmet PDF.","scraped","scraped","scraped","","false","false","","","",""
"002213","002013 MSC Seelachs Filet, paniert, frittiert, ca. 140–60 g, Wild, FAO 27, tiefgekühlt,","","fish_seafood","","5","kg","package","1","","","","","","","https://www-static.transgourmet.ch/public/2024-07/2024_1187_tg-care_kompetenz_fisch_d.pdf","2026-08-22T12:54:05.471Z","verified_public_source","Extracted from an official public Transgourmet PDF.","scraped","scraped","scraped","","false","false","","","",""
"002502","Swiss Quality Beef Schulterfilet Braten,","","meat_poultry","","1.2","kg","package","1","","","","","","","https://www-static.transgourmet.ch/public/2024-03/2024_0062_tg-care_kompetenz_fleisch_d_94986_1.pdf","2026-08-22T12:54:07.146Z","verified_public_source","Extracted from an official public Transgourmet PDF.","scraped","scraped","scraped","","false","false","","","",""
"002527","Vegane Hackballs","Fredag","plant_based","","1","kg","case","5","","vegan","","","15.70","5 x 1 kg","https://www-static.transgourmet.ch/public/2024-04/kw15-bgh-plant-based-kompetenzbroschuere-d.pdf","2026-08-22T12:54:01.714Z","verified_public_source","Extracted from an official public Transgourmet PDF.","scraped","scraped","scraped","scraped","false","false","","","",""
"002528","Quorn Geschnetzeltes","Fredag","plant_based","","1","kg","case","5","","","","","22.50","5 x 1 kg","https://www-static.transgourmet.ch/public/2024-04/kw15-bgh-plant-based-kompetenzbroschuere-d.pdf","2026-08-22T12:54:01.714Z","verified_public_source","Extracted from an official public Transgourmet PDF.","scraped","scraped","scraped","scraped","false","false","","","",""
"002529","noppa's Bio Tofu geräuchert, 500 g","noppa's","plant_based","tofu","500","g","piece","1","","","","","","","https://webshop.transgourmet.ch/api/webshop/pub/articles/factsheet/002529","2026-08-22","official_product_verified_price_unverified","Official Transgourmet factsheet verified; public source did not expose price.","seed","seed","seed","","false","false","","","",""
"002530","Veganes Gehacktes","Fredag","plant_based","","1","kg","case","5","","vegan","","","15.70","5 x 1 kg","https://www-static.transgourmet.ch/public/2024-04/kw15-bgh-plant-based-kompetenzbroschuere-d.pdf","2026-08-22T12:54:01.714Z","verified_public_source","Extracted from an official public Transgourmet PDF.","scraped","scraped","scraped","scraped","false","false","","","",""
"002615","Poulet Schenkel Spiessli,","","meat_poultry","","100","g","case","5","","","","","","","https://www-static.transgourmet.ch/public/2024-03/2024_0062_tg-care_kompetenz_fleisch_d_94986_1.pdf","2026-08-22T12:54:07.146Z","verified_public_source","Extracted from an official public Transgourmet PDF.","scraped","scraped","scraped","","false","false","","","",""
"002616","Lammschulter-Voressen, 15–20 g,","","meat_poultry","","1","kg","package","1","","","","","","","https://www-static.transgourmet.ch/public/2024-03/2024_0062_tg-care_kompetenz_fleisch_d_94986_1.pdf","2026-08-22T12:54:07.146Z","verified_public_source","Extracted from an official public Transgourmet PDF.","scraped","scraped","scraped","","false","false","","","",""
"002674","Truten Fleischvogel mit Frischkäse und Pilzen, tiefgekühlt,","","meat_poultry","","80","g","case","30","","","","","","","https://www-static.transgourmet.ch/public/2024-03/2024_0062_tg-care_kompetenz_fleisch_d_94986_1.pdf","2026-08-22T12:54:07.146Z","verified_public_source","Extracted from an official public Transgourmet PDF.","scraped","scraped","scraped","","false","false","","","",""
"003660","MSC Crevetten in Lake, Wild, FAO 21/27,","","fish_seafood","","900","g","package","1","","","","","","","https://www-static.transgourmet.ch/public/2024-07/2024_1187_tg-care_kompetenz_fisch_d.pdf","2026-08-22T12:54:05.471Z","verified_public_source","Extracted from an official public Transgourmet PDF.","scraped","scraped","scraped","","false","false","","","",""
"004190","Ditzler Heidelbeeren ungezuckert TK, 2 x 2,5 kg","Ditzler","vegetables_fruit","berries","5","kg","case","","","","","","8.8","per_kg","","","seed_unverified","","seed","seed","seed","seed","false","false","","","",""
"004863","Gemüse Schnitzel","Fredag","plant_based","","112","g","case","36","","","","","15.50","36 x112 g","https://www-static.transgourmet.ch/public/2024-04/kw15-bgh-plant-based-kompetenzbroschuere-d.pdf","2026-08-22T12:54:01.714Z","verified_public_source","Extracted from an official public Transgourmet PDF.","scraped","scraped","scraped","scraped","false","false","","","",""
"005898","Burger","The Beyond","plant_based","","113","g","case","40","","vegan","","","","","https://www-static.transgourmet.ch/public/2024-04/kw15-bgh-plant-based-kompetenzbroschuere-d.pdf","2026-08-22T12:54:01.714Z","verified_public_source","Extracted from an official public Transgourmet PDF.","scraped","scraped","scraped","","false","false","","","",""
"006060","It's Vegic Bulgur Gemüse Burger","Hilcona","plant_based","","1.75","kg","case","3","","","","","","","https://www-static.transgourmet.ch/public/2024-04/kw15-bgh-plant-based-kompetenzbroschuere-d.pdf","2026-08-22T12:54:01.714Z","verified_public_source","Extracted from an official public Transgourmet PDF.","scraped","scraped","scraped","","false","false","","","",""
"006070","Quinoa Chili Burger","Hilcona","plant_based","","1.75","kg","case","3","","","","","25.87","3 x 1,75 kg","https://www-static.transgourmet.ch/public/2024-04/kw15-bgh-plant-based-kompetenzbroschuere-d.pdf","2026-08-22T12:54:01.714Z","verified_public_source","Extracted from an official public Transgourmet PDF.","scraped","scraped","scraped","scraped","false","false","","","",""
"006080","Mediterraner Dinkelburger","Hilcona","plant_based","","1.75","kg","case","3","","","","","25.87","3 x 1,75 kg","https://www-static.transgourmet.ch/public/2024-04/kw15-bgh-plant-based-kompetenzbroschuere-d.pdf","2026-08-22T12:54:01.714Z","verified_public_source","Extracted from an official public Transgourmet PDF.","scraped","scraped","scraped","scraped","false","false","","","",""
"006081","It's Vegic Rice Thais Balls","Hilcona","plant_based","","1.5","kg","case","3","","","","","28.45","3 x 1,5 kg","https://www-static.transgourmet.ch/public/2024-04/kw15-bgh-plant-based-kompetenzbroschuere-d.pdf","2026-08-22T12:54:01.714Z","verified_public_source","Extracted from an official public Transgourmet PDF.","scraped","scraped","scraped","scraped","false","false","","","",""
"006232","No Mince Veganes Gehacktes auf Soja-Basis.","The Vegetarian Butcher","plant_based","","2","kg","package","1","","vegan","","","18.25","2 kg","https://www-static.transgourmet.ch/public/2024-04/kw15-bgh-plant-based-kompetenzbroschuere-d.pdf","2026-08-22T12:54:01.714Z","verified_public_source","Extracted from an official public Transgourmet PDF.","scraped","scraped","scraped","scraped","false","false","","","",""
"006235","Vegan Minced Balls","The Vegetarian Butcher","plant_based","","2","kg","package","1","","vegan","","","19.40","2 kg","https://www-static.transgourmet.ch/public/2024-04/kw15-bgh-plant-based-kompetenzbroschuere-d.pdf","2026-08-22T12:54:01.714Z","verified_public_source","Extracted from an official public Transgourmet PDF.","scraped","scraped","scraped","scraped","false","false","","","",""
"006242","Vegan Chickeriki Filet Slices The Vegetarian Butcher - Vegan Chi- ckeriki Fillet Slices - Vegane Streifen auf Sojabasis 1,8 kg","The Vegetarian Butcher","plant_based","","1.8","kg","package","1","","vegan","","","41.40","1,8 kg","https://www-static.transgourmet.ch/public/2024-04/kw15-bgh-plant-based-kompetenzbroschuere-d.pdf","2026-08-22T12:54:01.714Z","verified_public_source","Extracted from an official public Transgourmet PDF.","scraped","scraped","scraped","scraped","false","false","","","",""
"006243","Vegan Burger","The Vegetarian Butcher","plant_based","","80","g","case","30","","vegan","","","1.55","30 x 80 g","https://www-static.transgourmet.ch/public/2024-04/kw15-bgh-plant-based-kompetenzbroschuere-d.pdf","2026-08-22T12:54:01.714Z","verified_public_source","Extracted from an official public Transgourmet PDF.","scraped","scraped","scraped","scraped","false","false","","","",""
"006247","Vegan Crispy Chickeriki Burger","The Vegetarian Butcher","plant_based","","90","g","case","20","","vegan","","","","","https://www-static.transgourmet.ch/public/2024-04/kw15-bgh-plant-based-kompetenzbroschuere-d.pdf","2026-08-22T12:54:01.714Z","verified_public_source","Extracted from an official public Transgourmet PDF.","scraped","scraped","scraped","","false","false","","","",""
"006249","Sensational Burger verzehrfertig","Garden Gourmet","plant_based","","120","g","case","58","","","","","","","https://www-static.transgourmet.ch/public/2024-04/kw15-bgh-plant-based-kompetenzbroschuere-d.pdf","2026-08-22T12:54:01.714Z","verified_public_source","Extracted from an official public Transgourmet PDF.","scraped","scraped","scraped","","false","false","","","",""
"006251","Vegan Chickeriki Nuggets Vegane Nuggets auf Soja-Basis.","The Vegetarian Butcher","plant_based","","1.75","kg","package","1","","vegan","","","36.05","1,75 kg","https://www-static.transgourmet.ch/public/2024-04/kw15-bgh-plant-based-kompetenzbroschuere-d.pdf","2026-08-22T12:54:01.714Z","verified_public_source","Extracted from an official public Transgourmet PDF.","scraped","scraped","scraped","scraped","false","false","","","",""
"006253","Vegan Chickeriki Chunks Veganes Geschnetzeltes auf Soja-Ba- sis.","The Vegetarian Butcher","plant_based","","1.75","kg","package","1","","vegan","","","37.05","1,75 kg","https://www-static.transgourmet.ch/public/2024-04/kw15-bgh-plant-based-kompetenzbroschuere-d.pdf","2026-08-22T12:54:01.714Z","verified_public_source","Extracted from an official public Transgourmet PDF.","scraped","scraped","scraped","scraped","false","false","","","",""
"006257","Raw Burger","The Vegetarian Butcher","plant_based","","113","g","case","20","","vegan","","","","","https://www-static.transgourmet.ch/public/2024-04/kw15-bgh-plant-based-kompetenzbroschuere-d.pdf","2026-08-22T12:54:01.714Z","verified_public_source","Extracted from an official public Transgourmet PDF.","scraped","scraped","scraped","","false","false","","","",""
"006258","No Schnitzel paniert","The Vegetarian Butcher","plant_based","","90","g","case","20","","vegan","","","1.50","20 x 90 g","https://www-static.transgourmet.ch/public/2024-04/kw15-bgh-plant-based-kompetenzbroschuere-d.pdf","2026-08-22T12:54:01.714Z","verified_public_source","Extracted from an official public Transgourmet PDF.","scraped","scraped","scraped","scraped","false","false","","","",""
"006262","Randen Falafel 8 kg ca.","Garden Gourmet","plant_based","","20","g","case","400","","","","","","","https://www-static.transgourmet.ch/public/2024-04/kw15-bgh-plant-based-kompetenzbroschuere-d.pdf","2026-08-22T12:54:01.714Z","verified_public_source","Extracted from an official public Transgourmet PDF.","scraped","scraped","scraped","","false","false","","","",""
"006263","Filet-Streifen gegrillt","Garden Gourmet","plant_based","","7.5","kg","package","1","","","","","23.10","7,5 kg","https://www-static.transgourmet.ch/public/2024-04/kw15-bgh-plant-based-kompetenzbroschuere-d.pdf","2026-08-22T12:54:01.714Z","verified_public_source","Extracted from an official public Transgourmet PDF.","scraped","scraped","scraped","scraped","false","false","","","",""
"006280","Meatless Burger","Quality","plant_based","","100","g","case","30","","vegan","","","1.46","30 x 100 g","https://www-static.transgourmet.ch/public/2024-04/kw15-bgh-plant-based-kompetenzbroschuere-d.pdf","2026-08-22T12:54:01.714Z","verified_public_source","Extracted from an official public Transgourmet PDF.","scraped","scraped","scraped","scraped","false","false","","","",""
"006290","Fortisa Burger Bun Sesam, TK, 24 x 83 g","Fortisa","bread_bakery","burger_buns","24","piece","case","24","","","","","","","https://web.transgourmet.ch/de/prodega-easy/catalog/article/006290","2026-08-22","official_product_verified_price_unverified","24 buns x 83 g per case; public page did not expose price.","seed","seed","seed","","false","false","","","",""
"006810","Burger","The Green Mountain","plant_based","","120","g","case","24","","vegan","","","","","https://www-static.transgourmet.ch/public/2024-04/kw15-bgh-plant-based-kompetenzbroschuere-d.pdf","2026-08-22T12:54:01.714Z","verified_public_source","Extracted from an official public Transgourmet PDF.","scraped","scraped","scraped","","false","false","","","",""
"007121","Trockenfleisch Zum Rohessen. Die pflanzliche Trockenfleischalternative eignet sich als Ergän- zung auf einem Apéro-Plättli, in einem Sandwich oder Wrap oder als Topping auf einem Salat.","Outlawz","plant_based","","60","g","package","1","","","","","4.65","60 g","https://www-static.transgourmet.ch/public/2024-04/kw15-bgh-plant-based-kompetenzbroschuere-d.pdf","2026-08-22T12:54:01.714Z","partial_public_source","Extracted from an official public Transgourmet PDF.","scraped","scraped","scraped","scraped","false","false","","","",""
"007131","Schinkentranchen Zum Rohessen. Die pflanzliche Schinkenalternative eignet sich als Ergänzung auf einem Apéro-Plättli sowie in einem Sandwich oder Wrap.","Outlawz","plant_based","","80","g","package","1","","","","","4.98","80 g","https://www-static.transgourmet.ch/public/2024-04/kw15-bgh-plant-based-kompetenzbroschuere-d.pdf","2026-08-22T12:54:01.714Z","verified_public_source","Extracted from an official public Transgourmet PDF.","scraped","scraped","scraped","scraped","false","false","","","",""
"007141","Speckwürfel Pflanzliche Speckwürfel auf Basis von Weizenprotein.","Outlawz","plant_based","","110","g","package","1","","","","","5.43","110 g","https://www-static.transgourmet.ch/public/2024-04/kw15-bgh-plant-based-kompetenzbroschuere-d.pdf","2026-08-22T12:54:01.714Z","verified_public_source","Extracted from an official public Transgourmet PDF.","scraped","scraped","scraped","scraped","false","false","","","",""
"007151","Schinkenwürfel Eignet sich hervorragend als Salat-Topping, als Alternative für eine vegane Carbonara-Sauce oder alsZu- tat in währschaften Apérogebäcken.","Outlawz","plant_based","","110","g","package","1","","vegan","","","4.82","110 g","https://www-static.transgourmet.ch/public/2024-04/kw15-bgh-plant-based-kompetenzbroschuere-d.pdf","2026-08-22T12:54:01.714Z","verified_public_source","Extracted from an official public Transgourmet PDF.","scraped","scraped","scraped","scraped","false","false","","","",""
"007161","Specktranchen Pflanzliche Specktranchen auf Basis von Weizenprotein, geschnitten, zum Gekochtessen. Passen besonders gut zu einer Rösti, zum Aufpeppen eines veganen Burgers/Sandwiches oder als Ergänzung auf dem Frühstückstisch.","Outlawz","plant_based","","80","g","package","1","","","","","5.45","80 g","https://www-static.transgourmet.ch/public/2024-04/kw15-bgh-plant-based-kompetenzbroschuere-d.pdf","2026-08-22T12:54:01.714Z","partial_public_source","Extracted from an official public Transgourmet PDF.","scraped","scraped","scraped","scraped","false","false","","","",""
"007910","Salomon Green Heroes Plant Knusper Schnitzel, TK, 3 x 10 x 100 g","SalomonFoodWorld","plant_based","plant_based_protein","3","kg","case","30","","","","","","","https://web.transgourmet.ch/de/prodega-easy/catalog/article/007910","2026-08-22","official_product_verified_price_unverified","30 x 100 g units per case; public page did not expose price.","seed","seed","seed","","false","false","","","",""
"010436","Quality Emmentaler AOP, ca. 1,5 kg","Quality","dairy_eggs","cheese","1.5","kg","piece","","","","","","12.2","per_kg","","","seed_unverified","","seed","seed","seed","seed","false","false","","","",""
"010803","Tilsiter rot unpasteurisiert 1/4 Laib ca. 1 kg 1215","Emmi","dairy_eggs","","1","kg","package","1","","","","","","","https://www-static.transgourmet.ch/public/2024-11/lastminute_bgh_kw48_2024_d.pdf","2026-08-22T13:29:32.694Z","verified_public_source","Extracted from an official public Transgourmet PDF.","scraped","scraped","scraped","","false","false","","","",""
"012060","Val d'Arve Le Brie 1/1 Laib","Val d'Arve","dairy_eggs","cheese","1","kg","package","1","","","","","14.50","per_piece","https://www-static.transgourmet.ch/public/2024-11/lastminute_bgh_kw48_2024_d.pdf","2026-08-22T13:29:32.694Z","partial_public_source","Official public source; pack details require review.","merged","merged","merged","seed","false","true","salesUnit","pack seed=[value=1;unit=kg;salesUnit=piece;units=1] scraped=[value=;unit=;salesUnit=package;units=1]","Official promotions support the base product name. Published weights vary and piece versus generic package remains unresolved.","https://www-static.transgourmet.ch/public/2024-05/kw22-bgh-last_minute-d.pdf"
"012383","Defendi Gorgonzola San Antonio DOP, 1/4 Laib ca. 1,5 kg","Defendi","dairy_eggs","cheese","1.5","kg","piece","","","","","","10.95","per_kg","","","seed_unverified","","seed","seed","seed","seed","false","false","","","",""
"014651","Premium Burratina, 4 x 50 g","Premium","dairy_eggs","cheese","200","g","pack","4","","","","","","","https://web.transgourmet.ch/de/prodega-easy/catalog/article/014651","2026-08-22","official_product_verified_price_unverified","4 x 50 g per pack; public page did not expose price.","seed","seed","seed","","false","false","","","",""
"015261","Mozzarella Netto 45%, gerieben, 2 kg","","dairy_eggs","cheese","2","kg","bag","","","","","","6.7","per_kg","","","seed_unverified","","seed","seed","seed","seed","false","false","","","",""
"015870","Cheddar rot gestiftelt","Züger","dairy_eggs","","1","kg","case","6","","","","","","","https://www-static.transgourmet.ch/public/2024-11/lastminute_bgh_kw48_2024_d.pdf","2026-08-22T13:29:32.694Z","verified_public_source","Extracted from an official public Transgourmet PDF.","scraped","scraped","scraped","","false","false","","","",""
"016120","It's Vegic Gemüse Schnitzel","Hilcona","plant_based","","145","g","case","30","","","","","1.96","30 x 145 g","https://www-static.transgourmet.ch/public/2024-04/kw15-bgh-plant-based-kompetenzbroschuere-d.pdf","2026-08-22T12:54:01.714Z","verified_public_source","Extracted from an official public Transgourmet PDF.","scraped","scraped","scraped","scraped","false","false","","","",""
"016160","It's Vegic Geschnetzeltes","Hilcona","plant_based","","2","kg","case","3","","","","","12.21","3 x 2 kg","https://www-static.transgourmet.ch/public/2024-04/kw15-bgh-plant-based-kompetenzbroschuere-d.pdf","2026-08-22T12:54:01.714Z","verified_public_source","Extracted from an official public Transgourmet PDF.","scraped","scraped","scraped","scraped","false","false","","","",""
"016190","It's Vegic Médaillons Blumenkohl und Käse","Hilcona","plant_based","","135","g","case","20","","","","","1.90","20 x 135 g","https://www-static.transgourmet.ch/public/2024-04/kw15-bgh-plant-based-kompetenzbroschuere-d.pdf","2026-08-22T12:54:01.714Z","verified_public_source","Extracted from an official public Transgourmet PDF.","scraped","scraped","scraped","scraped","false","false","","","",""
"018540","Züger Frischkäse Nature, 1 kg","Züger Frischkäse AG","dairy_eggs","cream_cheese","1","kg","tub","","","","","","7.98","per_kg","","","seed_unverified","","seed","seed","seed","seed","false","false","","","",""
"018780","Mascarpone","Züger","dairy_eggs","","500","g","case","6","","","","","","","https://www-static.transgourmet.ch/public/2024-11/lastminute_bgh_kw48_2024_d.pdf","2026-08-22T13:29:32.694Z","verified_public_source","Extracted from an official public Transgourmet PDF.","scraped","scraped","scraped","","false","false","","","",""
"018891","Ömür Käse in Salzlake 1394","","dairy_eggs","","1","kg","package","1","","","","","","","https://www-static.transgourmet.ch/public/2024-11/lastminute_bgh_kw48_2024_d.pdf","2026-08-22T13:29:32.694Z","verified_public_source","Extracted from an official public Transgourmet PDF.","scraped","scraped","scraped","","false","false","","","",""
"019245","Knoblauch & Kräuter 410","Cantadou","dairy_eggs","","500","g","package","1","","","","","","","https://www-static.transgourmet.ch/public/2024-11/lastminute_bgh_kw48_2024_d.pdf","2026-08-22T13:29:32.694Z","verified_public_source","Extracted from an official public Transgourmet PDF.","scraped","scraped","scraped","","false","false","","","",""
"019272","Caprice des Dieux, laktosefrei, 125 g","Caprice des Dieux","dairy_eggs","cheese","125","g","piece","1","","","","","3.14","per_piece","","","seed_unverified","","seed","seed","seed","seed","false","false","","","",""
"019401","358","Kiri","dairy_eggs","","140","g","package","1","","","","","","","https://www-static.transgourmet.ch/public/2024-11/lastminute_bgh_kw48_2024_d.pdf","2026-08-22T13:29:32.694Z","verified_public_source","Extracted from an official public Transgourmet PDF.","scraped","scraped","scraped","","false","false","","","",""
"019611","Philadelphia, 200 g","Philadelphia","dairy_eggs","cream_cheese","200","g","tub","","","","","","2.41","per_pack","","","seed_unverified","","seed","seed","seed","seed","false","false","","","",""
"019621","Philadelphia Kräuter, 1,65 kg","Philadelphia","dairy_eggs","cream_cheese","1.65","kg","tub","","","","","","16.95","per_pack","","","seed_unverified","","seed","seed","seed","seed","false","false","","","",""
"019681","Philadelphia Kräuter, 200 g","Philadelphia","dairy_eggs","cream_cheese","200","g","tub","","","","","","2.41","per_pack","","","seed_unverified","","seed","seed","seed","seed","false","false","","","",""
"019710","Granarolo Ricotta, 1,5 kg","Granarolo","dairy_eggs","cheese","1.5","kg","tub","","","","","","8.15","per_pack","","","seed_unverified","","seed","seed","seed","seed","false","false","","","",""
"019721","Granarolo Ricotta, 250 g","Granarolo","dairy_eggs","cheese","250","g","tub","","","","","","2.13","per_pack","","","seed_unverified","","seed","seed","seed","seed","false","false","","","",""
"020550","Käse-Frühstücksportionen assortiert","Emmi","dairy_eggs","","27","g","case","37","","","","","","","https://www-static.transgourmet.ch/public/2024-11/lastminute_bgh_kw48_2024_d.pdf","2026-08-22T13:29:32.694Z","verified_public_source","Extracted from an official public Transgourmet PDF.","scraped","scraped","scraped","","false","false","","","",""
"022600","Quality Vollmilch 3,5%, UHT, 12 x 1 l","Quality","dairy_eggs","milk","12","l","case","","","","","","1.29","per_liter","","","seed_unverified","","seed","seed","seed","seed","false","false","","","",""
"022610","Quality Milchdrink 1,5%, UHT, 12 x 1 l","Quality","dairy_eggs","milk","12","l","case","","","","","","1.28","per_liter","","","seed_unverified","","seed","seed","seed","seed","false","false","","","",""
"023240","Good Day Milchgetränk High Protein","Emmi","dairy_eggs","","1","l","case","12","","","","","","","https://www-static.transgourmet.ch/public/2024-11/lastminute_bgh_kw48_2024_d.pdf","2026-08-22T13:29:32.694Z","verified_public_source","Extracted from an official public Transgourmet PDF.","scraped","scraped","scraped","","false","false","","","",""
"023991","Bio Vollmilch 3,9%, UHT","Emmi","dairy_eggs","","1","l","case","6","","","","","","","https://www-static.transgourmet.ch/public/2024-11/lastminute_bgh_kw48_2024_d.pdf","2026-08-22T13:29:32.694Z","verified_public_source","Extracted from an official public Transgourmet PDF.","scraped","scraped","scraped","","false","false","","","",""
"024210","Milch 1,5% Fettanteil UHT","Emmi","dairy_eggs","","1","l","case","12","","","","","","","https://www-static.transgourmet.ch/public/2024-11/lastminute_bgh_kw48_2024_d.pdf","2026-08-22T13:29:32.694Z","verified_public_source","Extracted from an official public Transgourmet PDF.","scraped","scraped","scraped","","false","false","","","",""
"024211","Good Day Milch 1,5% Fettanteil UHT 190","Emmi","dairy_eggs","","250","ml","package","1","","","","","","","https://www-static.transgourmet.ch/public/2024-11/lastminute_bgh_kw48_2024_d.pdf","2026-08-22T13:29:32.694Z","verified_public_source","Extracted from an official public Transgourmet PDF.","scraped","scraped","scraped","","false","false","","","",""
"024480","Good Day Vollrahm 35% Fettanteil UHT","Emmi","dairy_eggs","","250","ml","case","18","","","","","","","https://www-static.transgourmet.ch/public/2024-11/lastminute_bgh_kw48_2024_d.pdf","2026-08-22T13:29:32.694Z","verified_public_source","Extracted from an official public Transgourmet PDF.","scraped","scraped","scraped","","false","false","","","",""
"024610","Halbrahm 25% Fettanteil UHT","Quality","dairy_eggs","","1","l","case","12","","","","","","","https://www-static.transgourmet.ch/public/2024-11/lastminute_bgh_kw48_2024_d.pdf","2026-08-22T13:29:32.694Z","verified_public_source","Extracted from an official public Transgourmet PDF.","scraped","scraped","scraped","","false","false","","","",""
"024640","Good Day Halbrahm 25% Fettanteil UHT","Emmi","dairy_eggs","","250","ml","case","18","","","","","","","https://www-static.transgourmet.ch/public/2024-11/lastminute_bgh_kw48_2024_d.pdf","2026-08-22T13:29:32.694Z","verified_public_source","Extracted from an official public Transgourmet PDF.","scraped","scraped","scraped","","false","false","","","",""
"024950","Good Day Kaffeerahm Portionen 15%, UHT","Emmi","dairy_eggs","","12","g","case","10","","","","","","","https://www-static.transgourmet.ch/public/2024-11/lastminute_bgh_kw48_2024_d.pdf","2026-08-22T13:29:32.694Z","verified_public_source","Extracted from an official public Transgourmet PDF.","scraped","scraped","scraped","","false","false","","","",""
"024960","Good Day Vollrahm 35% Fettanteil UHT","Emmi","dairy_eggs","","1","l","case","12","","","","","","","https://www-static.transgourmet.ch/public/2024-11/lastminute_bgh_kw48_2024_d.pdf","2026-08-22T13:29:32.694Z","verified_public_source","Extracted from an official public Transgourmet PDF.","scraped","scraped","scraped","","false","false","","","",""
"025040","Quality Kaffeerahm Portionen 15%, UHT, 200 x 12 g","Quality","dairy_eggs","cream","2.4","kg","case","","","","","","9.55","per_pack","","","seed_unverified","","seed","seed","seed","seed","false","false","","","",""
"025440","Choco Drink","Comella","dairy_eggs","","330","ml","case","12","","","","","","","https://www-static.transgourmet.ch/public/2024-11/lastminute_bgh_kw48_2024_d.pdf","2026-08-22T13:29:32.694Z","verified_public_source","Extracted from an official public Transgourmet PDF.","scraped","scraped","scraped","","false","false","","","",""
"026196","Emmi Suisse Jogurt Mini Nature, 20 x 90 g","Emmi","dairy_eggs","yogurt","1.8","kg","case","","","","","","8.60","per_pack","","","seed_unverified","","seed","seed","seed","seed","false","false","","","",""
"026340","Suisse Yogourt 0,2% Mini assortiert","Emmi","dairy_eggs","yogurt","90","g","case","10","","","","","5.00","per_pack","https://www-static.transgourmet.ch/public/2024-11/lastminute_bgh_kw48_2024_d.pdf","2026-08-22T13:29:32.694Z","verified_public_source","Extracted from an official public Transgourmet PDF.","merged","merged","scraped","seed","false","false","","","Official promotion identifies the article as Suisse Yogourt 0,2% Mini assortiert, 10 x 90 g; canonical pack size is normalized per unit.","https://www-static.transgourmet.ch/public/2024-02/kw09-bgh-lastminute-d.pdf"
"027180","Butterportionen Becher 150","Floralp","dairy_eggs","","330","ml","package","1","","","","","","","https://www-static.transgourmet.ch/public/2024-11/lastminute_bgh_kw48_2024_d.pdf","2026-08-22T13:29:32.694Z","verified_public_source","Extracted from an official public Transgourmet PDF.","scraped","scraped","scraped","","false","false","","","",""
"027220","Emmi Premium Butterportionen, Würfel, 100 x 10 g","Emmi","dairy_eggs","butter","1","kg","case","","","","","","21.95","per_pack","","","seed_unverified","","seed","seed","seed","seed","false","false","","","",""
"029717","Natura Bio Tofu nature, 1,25 kg","Natura","plant_based","tofu","1.25","kg","piece","1","","","","","","","https://web.transgourmet.ch/de/prodega-easy/catalog/article/029717","2026-08-22","official_product_verified_price_unverified","Official product and pack size verified; public page did not expose price.","seed","seed","seed","","false","false","","","",""
"030510","Hack vegan","Garden Gourmet","plant_based","","2","kg","case","2","","vegan","","","22.58","2 x 2 kg","https://www-static.transgourmet.ch/public/2024-04/kw15-bgh-plant-based-kompetenzbroschuere-d.pdf","2026-08-22T12:54:01.714Z","verified_public_source","Extracted from an official public Transgourmet PDF.","scraped","scraped","scraped","scraped","false","false","","","",""
"030522","Burger Deluxe","Garden Gourmet","plant_based","","90","g","case","66","","","","","2.46","66 x 90 g","https://www-static.transgourmet.ch/public/2024-04/kw15-bgh-plant-based-kompetenzbroschuere-d.pdf","2026-08-22T12:54:01.714Z","verified_public_source","Extracted from an official public Transgourmet PDF.","scraped","scraped","scraped","scraped","false","false","","","",""
"030532","Linsenburger","Garden Gourmet","plant_based","","80","g","case","75","","vegan","","","","","https://www-static.transgourmet.ch/public/2024-04/kw15-bgh-plant-based-kompetenzbroschuere-d.pdf","2026-08-22T12:54:01.714Z","verified_public_source","Extracted from an official public Transgourmet PDF.","scraped","scraped","scraped","","false","false","","","",""
"030540","Sensational Burger","Garden Gourmet","plant_based","","113","g","case","51","","vegan","","","","","https://www-static.transgourmet.ch/public/2024-04/kw15-bgh-plant-based-kompetenzbroschuere-d.pdf","2026-08-22T12:54:01.714Z","verified_public_source","Extracted from an official public Transgourmet PDF.","scraped","scraped","scraped","","false","false","","","",""
"030550","Sensational Sausage","Garden Gourmet","plant_based","","90","g","case","66","","vegan","","","3.00","3 x 22 x 90 g","https://www-static.transgourmet.ch/public/2024-04/kw15-bgh-plant-based-kompetenzbroschuere-d.pdf","2026-08-22T12:54:01.714Z","verified_public_source","Extracted from an official public Transgourmet PDF.","scraped","scraped","scraped","scraped","false","false","","","",""
"030560","Filet Streifen","Garden Gourmet","plant_based","","2","kg","case","2","","vegan","","","24.15","2 x 2 kg","https://www-static.transgourmet.ch/public/2024-04/kw15-bgh-plant-based-kompetenzbroschuere-d.pdf","2026-08-22T12:54:01.714Z","verified_public_source","Extracted from an official public Transgourmet PDF.","scraped","scraped","scraped","scraped","false","false","","","",""
"030570","Vegane Nuggets","Garden Gourmet","plant_based","","2","kg","case","2","","vegan","","","24.15","2 x 2 kg","https://www-static.transgourmet.ch/public/2024-04/kw15-bgh-plant-based-kompetenzbroschuere-d.pdf","2026-08-22T12:54:01.714Z","verified_public_source","Extracted from an official public Transgourmet PDF.","scraped","scraped","scraped","scraped","false","false","","","",""
"030580","Vuna","Garden Gourmet","plant_based","","2","kg","case","2","","vegan","","","22.58","2 x 2 kg","https://www-static.transgourmet.ch/public/2024-04/kw15-bgh-plant-based-kompetenzbroschuere-d.pdf","2026-08-22T12:54:01.714Z","verified_public_source","Extracted from an official public Transgourmet PDF.","scraped","scraped","scraped","scraped","false","false","","","",""
"030610","Veganes Schnitzel","Garden Gourmet","plant_based","","90","g","case","44","","vegan","","","2.35","44 x 90 g","https://www-static.transgourmet.ch/public/2024-04/kw15-bgh-plant-based-kompetenzbroschuere-d.pdf","2026-08-22T12:54:01.714Z","verified_public_source","Extracted from an official public Transgourmet PDF.","scraped","scraped","scraped","scraped","false","false","","","",""
"030640","Vegane Hackbällchen","Garden Gourmet","plant_based","","2","kg","case","2","","vegan","","","26.82","2 x 2 kg","https://www-static.transgourmet.ch/public/2024-04/kw15-bgh-plant-based-kompetenzbroschuere-d.pdf","2026-08-22T12:54:01.714Z","verified_public_source","Extracted from an official public Transgourmet PDF.","scraped","scraped","scraped","scraped","false","false","","","",""
"031810","Ta'ameia Falafelkugeln klein","","plant_based","","1","kg","case","2","","","","","9.58","2 x 1 kg","https://www-static.transgourmet.ch/public/2024-04/kw15-bgh-plant-based-kompetenzbroschuere-d.pdf","2026-08-22T12:54:01.714Z","verified_public_source","Extracted from an official public Transgourmet PDF.","scraped","scraped","scraped","scraped","false","false","","","",""
"031820","Ta'ameia Falafelkugeln vorfrittiert","","plant_based","","1","kg","case","2","","","","","15.78","2 x 1 kg","https://www-static.transgourmet.ch/public/2024-04/kw15-bgh-plant-based-kompetenzbroschuere-d.pdf","2026-08-22T12:54:01.714Z","verified_public_source","Extracted from an official public Transgourmet PDF.","scraped","scraped","scraped","scraped","false","false","","","",""
"032100","Yellow Lentil Balls","Hilcona","plant_based","","1.5","kg","case","2","","","","","21.95","2 x 1,5 kg","https://www-static.transgourmet.ch/public/2024-04/kw15-bgh-plant-based-kompetenzbroschuere-d.pdf","2026-08-22T12:54:01.714Z","verified_public_source","Extracted from an official public Transgourmet PDF.","scraped","scraped","scraped","scraped","false","false","","","",""
"037560","Hilcona Gnocchi, 5 x 1 kg","Hilcona","rice_pasta_grains","gnocchi","5","kg","case","","","","","","21.30","per_pack","","","seed_unverified","","seed","seed","seed","seed","false","false","","","",""
"038200","Fleischkäsealternative","The Green Mountain","plant_based","","2.2","kg","case","2","","","","","41.78","2 x 2,2 kg","https://www-static.transgourmet.ch/public/2024-04/kw15-bgh-plant-based-kompetenzbroschuere-d.pdf","2026-08-22T12:54:01.714Z","verified_public_source","Extracted from an official public Transgourmet PDF.","scraped","scraped","scraped","scraped","false","false","","","",""
"038250","Plant-based Wurst für Currywurst","The Green Mountain","plant_based","","120","g","case","24","","vegan","","","2.29","24 x 120 g","https://www-static.transgourmet.ch/public/2024-04/kw15-bgh-plant-based-kompetenzbroschuere-d.pdf","2026-08-22T12:54:01.714Z","verified_public_source","Extracted from an official public Transgourmet PDF.","scraped","scraped","scraped","scraped","false","false","","","",""
"038580","Kebab","The Green Mountain","plant_based","","1.5","kg","case","2","","vegan","","","22.58","2 x 1,5 kg","https://www-static.transgourmet.ch/public/2024-04/kw15-bgh-plant-based-kompetenzbroschuere-d.pdf","2026-08-22T12:54:01.714Z","verified_public_source","Extracted from an official public Transgourmet PDF.","scraped","scraped","scraped","scraped","false","false","","","",""
"038820","It's Vegic Indian Coconut Dal","Hilcona","plant_based","","1.5","kg","case","5","","vegan","","","13.89","5 x 1,5 kg","https://www-static.transgourmet.ch/public/2024-04/kw15-bgh-plant-based-kompetenzbroschuere-d.pdf","2026-08-22T12:54:01.714Z","verified_public_source","Extracted from an official public Transgourmet PDF.","scraped","scraped","scraped","scraped","false","false","","","",""
"038850","Bratwurstalternative","The Green Mountain","plant_based","","115","g","case","30","","vegan","","","2.46","3 x 10 x 115 g","https://www-static.transgourmet.ch/public/2024-04/kw15-bgh-plant-based-kompetenzbroschuere-d.pdf","2026-08-22T12:54:01.714Z","verified_public_source","Extracted from an official public Transgourmet PDF.","scraped","scraped","scraped","scraped","false","false","","","",""
"038860","Plant-based Filet (Poulet- Art)","The Green Mountain","plant_based","","130","g","case","20","","","","","2.74","2 x 10 x ca. 130 g","https://www-static.transgourmet.ch/public/2024-04/kw15-bgh-plant-based-kompetenzbroschuere-d.pdf","2026-08-22T12:54:01.714Z","verified_public_source","Extracted from an official public Transgourmet PDF.","scraped","scraped","scraped","scraped","false","false","","","",""
"038870","Schnitzel Wiener-Art","The Green Mountain","plant_based","","165","g","case","18","","","","","3.08","2 x 9 x 165 g","https://www-static.transgourmet.ch/public/2024-04/kw15-bgh-plant-based-kompetenzbroschuere-d.pdf","2026-08-22T12:54:01.714Z","verified_public_source","Extracted from an official public Transgourmet PDF.","scraped","scraped","scraped","scraped","false","false","","","",""
"038880","Plant-based Steak","The Green Mountain","plant_based","","200","g","case","14","","","","","4.82","2 x 7 x ca. 200 g","https://www-static.transgourmet.ch/public/2024-04/kw15-bgh-plant-based-kompetenzbroschuere-d.pdf","2026-08-22T12:54:01.714Z","verified_public_source","Extracted from an official public Transgourmet PDF.","scraped","scraped","scraped","scraped","false","false","","","",""
"039110","It's Vegic Cous Cous Oriental","Hilcona","plant_based","","1.5","kg","case","5","","","","","12.71","5 x 1,5 kg","https://www-static.transgourmet.ch/public/2024-04/kw15-bgh-plant-based-kompetenzbroschuere-d.pdf","2026-08-22T12:54:01.714Z","verified_public_source","Extracted from an official public Transgourmet PDF.","scraped","scraped","scraped","scraped","false","false","","","",""
"039510","It's Vegic Ocean Sticks","Hilcona","plant_based","","1.5","kg","case","3","","","","","22.06","3 x 1,5 kg","https://www-static.transgourmet.ch/public/2024-04/kw15-bgh-plant-based-kompetenzbroschuere-d.pdf","2026-08-22T12:54:01.714Z","verified_public_source","Extracted from an official public Transgourmet PDF.","scraped","scraped","scraped","scraped","false","false","","","",""
"039521","Tataralternative","The Green Mountain","plant_based","","80","g","case","20","","vegan","","","1.71","20 x 80 g","https://www-static.transgourmet.ch/public/2024-04/kw15-bgh-plant-based-kompetenzbroschuere-d.pdf","2026-08-22T12:54:01.714Z","verified_public_source","Extracted from an official public Transgourmet PDF.","scraped","scraped","scraped","scraped","false","false","","","",""
"039540","Plant-based Chicken Chunks","The Green Mountain","plant_based","","1.5","kg","case","2","","","","","29.90","2 x 1,5 kg","https://www-static.transgourmet.ch/public/2024-04/kw15-bgh-plant-based-kompetenzbroschuere-d.pdf","2026-08-22T12:54:01.714Z","verified_public_source","Extracted from an official public Transgourmet PDF.","scraped","scraped","scraped","scraped","false","false","","","",""
"039550","It's Vegic Falafel Rote Beete","Hilcona","plant_based","","1.5","kg","case","2","","vegan","","","21.45","2 x 1,5 kg","https://www-static.transgourmet.ch/public/2024-04/kw15-bgh-plant-based-kompetenzbroschuere-d.pdf","2026-08-22T12:54:01.714Z","verified_public_source","Extracted from an official public Transgourmet PDF.","scraped","scraped","scraped","scraped","false","false","","","",""
"039560","It's Vegic Nuggets","Hilcona","plant_based","","1.5","kg","case","3","","","","","18.82","3 x 1,5 kg","https://www-static.transgourmet.ch/public/2024-04/kw15-bgh-plant-based-kompetenzbroschuere-d.pdf","2026-08-22T12:54:01.714Z","verified_public_source","Extracted from an official public Transgourmet PDF.","scraped","scraped","scraped","scraped","false","false","","","",""
"039590","Plant-based Beef Chunks","The Green Mountain","plant_based","","1.5","kg","case","2","","","","","29.90","2 x 1,5 kg","https://www-static.transgourmet.ch/public/2024-04/kw15-bgh-plant-based-kompetenzbroschuere-d.pdf","2026-08-22T12:54:01.714Z","verified_public_source","Extracted from an official public Transgourmet PDF.","scraped","scraped","scraped","scraped","false","false","","","",""
"039680","Plant-based Gehacktes Veganes Erzeugnis auf Basis von Erb- senprotein.","The Green Mountain","plant_based","","500","g","case","9","","vegan","","","70.84","9 x 500 g","https://www-static.transgourmet.ch/public/2024-04/kw15-bgh-plant-based-kompetenzbroschuere-d.pdf","2026-08-22T12:54:01.714Z","verified_public_source","Extracted from an official public Transgourmet PDF.","scraped","scraped","scraped","scraped","false","false","","","",""
"039720","Balls","The Green Mountain","plant_based","","1.5","kg","case","2","","","","","23.18","2 x 1,5 kg","https://www-static.transgourmet.ch/public/2024-04/kw15-bgh-plant-based-kompetenzbroschuere-d.pdf","2026-08-22T12:54:01.714Z","verified_public_source","Extracted from an official public Transgourmet PDF.","scraped","scraped","scraped","scraped","false","false","","","",""
"039730","It's Vegic Schnitzel Käse","Hilcona","plant_based","","1.5","kg","case","3","","","","","23.69","3 x 1,5 kg","https://www-static.transgourmet.ch/public/2024-04/kw15-bgh-plant-based-kompetenzbroschuere-d.pdf","2026-08-22T12:54:01.714Z","verified_public_source","Extracted from an official public Transgourmet PDF.","scraped","scraped","scraped","scraped","false","false","","","",""
"039740","It's Vegic Schnitzel Ricotta Spinat","Hilcona","plant_based","","1.5","kg","case","3","","","","","23.69","3 x 1,5 kg","https://www-static.transgourmet.ch/public/2024-04/kw15-bgh-plant-based-kompetenzbroschuere-d.pdf","2026-08-22T12:54:01.714Z","verified_public_source","Extracted from an official public Transgourmet PDF.","scraped","scraped","scraped","scraped","false","false","","","",""
"039990","Schnitzel Hot n Cold paniert","The Green Mountain","plant_based","","80","g","case","40","","vegan","","","1.30","40 x 80 g","https://www-static.transgourmet.ch/public/2024-04/kw15-bgh-plant-based-kompetenzbroschuere-d.pdf","2026-08-22T12:54:01.714Z","verified_public_source","Extracted from an official public Transgourmet PDF.","scraped","scraped","scraped","scraped","false","false","","","",""
"040005","Bratkartoffeln halbiert 5kg Moit. pommes de terre rôtir5kg Patate per arrostire metà 5kg 0","","vegetables_fruit","","5","kg","package","1","","","","","","","https://www-static.transgourmet.ch/public/2024-12/bgh-bestellvorlage_convenience.pdf","2026-08-22T12:54:03.659Z","verified_public_source","Extracted from an official public Transgourmet PDF.","scraped","scraped","scraped","","false","false","","","",""
"040110","Kartoffeln, festkochend, 10 kg","Quality","vegetables_fruit","potatoes","10","kg","bag","1","","","","","","","https://web.transgourmet.ch/de/prodega-easy/catalog/article/040110","2026-08-22","official_product_verified_price_unverified","Official product and pack size verified; public page did not expose price.","seed","seed","seed","","false","false","","","",""
"040155","Süsskartoffel Würfel 5kg Patate douce en cubes 5kg Patate dolci a cubetti 5kg 15x15","","vegetables_fruit","","5","kg","package","1","","","","","","","https://www-static.transgourmet.ch/public/2024-12/bgh-bestellvorlage_convenience.pdf","2026-08-22T12:54:03.659Z","verified_public_source","Extracted from an official public Transgourmet PDF.","scraped","scraped","scraped","","false","false","","","",""
"040158","Premium Sweet Potatoes, 6 kg","Premium","vegetables_fruit","sweet_potatoes","6","kg","case","1","","","","","","","https://web.transgourmet.ch/de/prodega-easy/catalog/article/040158","2026-08-22","official_product_verified_price_unverified","Official product and pack size verified; public page did not expose price.","seed","seed","seed","","false","false","","","",""
"040168","Bratkartoff.roh gesch.(Beutel) P.de terr.à rôtir éplu.(sach.) Patate per arrost.crude pelat. 25-35","","vegetables_fruit","","2","kg","package","1","","","","","","","https://www-static.transgourmet.ch/public/2024-12/bgh-bestellvorlage_convenience.pdf","2026-08-22T12:54:03.659Z","verified_public_source","Extracted from an official public Transgourmet PDF.","scraped","scraped","scraped","","false","false","","","",""
"040169","Kartoffeln roh gesch.MK (Btl.) Pom.d.terr.ent.épl.far.(sach.) Patate cru.pelate far.(sacch.) 0","","vegetables_fruit","","2","kg","package","1","","","","","","","https://www-static.transgourmet.ch/public/2024-12/bgh-bestellvorlage_convenience.pdf","2026-08-22T12:54:03.659Z","verified_public_source","Extracted from an official public Transgourmet PDF.","scraped","scraped","scraped","","false","false","","","",""
"040171","Kartoffeln roh gesch.MK (Btl.) Pom.d.terr.ent.épl.far.(sach.) Patate cru.pelate far.(sacch.) 0","","vegetables_fruit","","5","kg","package","1","","","","","","","https://www-static.transgourmet.ch/public/2024-12/bgh-bestellvorlage_convenience.pdf","2026-08-22T12:54:03.659Z","verified_public_source","Extracted from an official public Transgourmet PDF.","scraped","scraped","scraped","","false","false","","","",""
"040172","Kartoffeln Rissolée roh FK 5kg P.d.t.rissol. ferm.cuisson 5kg Patate rissolée cr.res.cot.5kg 15x15","","vegetables_fruit","","5","kg","package","1","","","","","","","https://www-static.transgourmet.ch/public/2024-12/bgh-bestellvorlage_convenience.pdf","2026-08-22T12:54:03.659Z","verified_public_source","Extracted from an official public Transgourmet PDF.","scraped","scraped","scraped","","false","false","","","",""
"040173","Kartoffeln roh gesch.FK(Btl.) P.d.t.épl.ferm.cuisson (sach.) Patate pelate cru.re.co.(sac.) 0","","vegetables_fruit","","2","kg","package","1","","","","","","","https://www-static.transgourmet.ch/public/2024-12/bgh-bestellvorlage_convenience.pdf","2026-08-22T12:54:03.659Z","verified_public_source","Extracted from an official public Transgourmet PDF.","scraped","scraped","scraped","","false","false","","","",""
"040174","Kartoffeln roh gesch.FK (Btl.) P.d.t.épl.ferm.cuisson (sach.) Patate pelate cru.re.co(sacco) 0","","vegetables_fruit","","5","kg","package","1","","","","","","","https://www-static.transgourmet.ch/public/2024-12/bgh-bestellvorlage_convenience.pdf","2026-08-22T12:54:03.659Z","verified_public_source","Extracted from an official public Transgourmet PDF.","scraped","scraped","scraped","","false","false","","","",""
"040176","Kart. Würfel FK 10x10mm 5kg Pom.d.t.cubes ferm.10x10mm 5kg Patate cub.re.cot. 10x10mm 5kg 10x10","","vegetables_fruit","","5","kg","package","1","","","","","","","https://www-static.transgourmet.ch/public/2024-12/bgh-bestellvorlage_convenience.pdf","2026-08-22T12:54:03.659Z","verified_public_source","Extracted from an official public Transgourmet PDF.","scraped","scraped","scraped","","false","false","","","",""
"040179","Kart. roh gesch.30-40mm FK 2kg P.d.t.épl.ferm.cui.30-40mm 2kg Pat.pel.cr.res.cot.30-40mm 2kg 30-40","","vegetables_fruit","","2","kg","package","1","","","","","","","https://www-static.transgourmet.ch/public/2024-12/bgh-bestellvorlage_convenience.pdf","2026-08-22T12:54:03.659Z","verified_public_source","Extracted from an official public Transgourmet PDF.","scraped","scraped","scraped","","false","false","","","",""
"040181","Kartoff.Scheib. roh FK 3mm 5kg Pom.de terr.tran.ferm. 3mm 5kg Patate a fette res.cru.3mm 5kg 3","","vegetables_fruit","","5","kg","package","1","","","","","","","https://www-static.transgourmet.ch/public/2024-12/bgh-bestellvorlage_convenience.pdf","2026-08-22T12:54:03.659Z","verified_public_source","Extracted from an official public Transgourmet PDF.","scraped","scraped","scraped","","false","false","","","",""
"040183","Kartoff.Schnitz.roh ges.FK 5kg Pom.terre Country épluch.5kg Patate spicchi, crude pel.5kg 0","","vegetables_fruit","","5","kg","package","1","","","","","","","https://www-static.transgourmet.ch/public/2024-12/bgh-bestellvorlage_convenience.pdf","2026-08-22T12:54:03.659Z","verified_public_source","Extracted from an official public Transgourmet PDF.","scraped","scraped","scraped","","false","false","","","",""
"040185","Kart.Schnitz.roh ungesc.FK 5kg Pom.terre Country n.éplu.5kg Patat.spicchi, crude n.pel.5kg 0","","vegetables_fruit","","5","kg","package","1","","","","","","","https://www-static.transgourmet.ch/public/2024-12/bgh-bestellvorlage_convenience.pdf","2026-08-22T12:54:03.659Z","verified_public_source","Extracted from an official public Transgourmet PDF.","scraped","scraped","scraped","","false","false","","","",""
"040257","Auberginen, 5 kg","Quality","vegetables_fruit","aubergines","5","kg","case","1","","","","","","","https://web.transgourmet.ch/de/prodega-easy/catalog/article/040257","2026-08-22","official_product_verified_price_unverified","Official product and pack size verified; public page did not expose price.","seed","seed","seed","","false","false","","","",""
"040277","Auberginen Rissolée 1kg Aubergines rissolées 1kg Melanzane rissolée 1kg 14x14x14","","vegetables_fruit","","1","kg","package","1","","","","","","","https://www-static.transgourmet.ch/public/2024-12/bgh-bestellvorlage_convenience.pdf","2026-08-22T12:54:03.659Z","verified_public_source","Extracted from an official public Transgourmet PDF.","scraped","scraped","scraped","","false","false","","","",""
"040326","Basilikum Bund, 80 g","Egli's frische Kräuter","vegetables_fruit","fresh_herbs","80","g","bunch","","","","","","3.5","per_pack","","","seed_unverified","","seed","seed","seed","seed","false","false","","","",""
"040328","Basilikum, 250 g","Egli's frische Kräuter","vegetables_fruit","fresh_herbs","250","g","pack","","","","","","7.3","per_pack","","","seed_unverified","","seed","seed","seed","seed","false","false","","","",""
"040329","Basilikum, 1 kg","Egli's frische Kräuter","vegetables_fruit","fresh_herbs","1","kg","pack","","","","","","23.95","per_pack","","","seed_unverified","","seed","seed","seed","seed","false","false","","","",""
"040391","Batavia Salat Schweiz Hydro, 8 St","Quality","vegetables_fruit","leafy_greens","8","piece","case","8","","","","","1.65","per_piece","","","seed_unverified","","seed","seed","seed","seed","false","false","","","",""
"040472","Blumenkohl Röschen 1kg Bouquets de chou-fleur 1kg Rosette di cavolfiore 1kg 40-60","","vegetables_fruit","","1","kg","package","1","","","","","","","https://www-static.transgourmet.ch/public/2024-12/bgh-bestellvorlage_convenience.pdf","2026-08-22T12:54:03.659Z","verified_public_source","Extracted from an official public Transgourmet PDF.","scraped","scraped","scraped","","false","false","","","",""
"040473","Blumenkohl Röschen 3kg Bouquets de chou-fleur 3kg Rosette di cavolfiore 3kg 40-60","","vegetables_fruit","","3","kg","package","1","","","","","","","https://www-static.transgourmet.ch/public/2024-12/bgh-bestellvorlage_convenience.pdf","2026-08-22T12:54:03.659Z","verified_public_source","Extracted from an official public Transgourmet PDF.","scraped","scraped","scraped","","false","false","","","",""
"040673","Broccoli, ca. 3,5 kg","Quality","vegetables_fruit","broccoli","3.5","kg","case","1","","","","","","","https://web.transgourmet.ch/de/prodega-easy/catalog/article/040673","2026-08-22","official_product_verified_price_unverified","Approximate case weight; public page did not expose price.","seed","seed","seed","","false","false","","","",""
"040708","Broccoli Röschen 1kg Bouquets de brocoli 1kg Rosette di broccoli 1kg 40-60","","vegetables_fruit","","1","kg","package","1","","","","","","","https://www-static.transgourmet.ch/public/2024-12/bgh-bestellvorlage_convenience.pdf","2026-08-22T12:54:03.659Z","verified_public_source","Extracted from an official public Transgourmet PDF.","scraped","scraped","scraped","","false","false","","","",""
"040709","Broccoli Röschen 3kg Bouquets de brocoli 3kg Rosette di broccoli 3kg 40-60","","vegetables_fruit","","3","kg","package","1","","","","","","","https://www-static.transgourmet.ch/public/2024-12/bgh-bestellvorlage_convenience.pdf","2026-08-22T12:54:03.659Z","verified_public_source","Extracted from an official public Transgourmet PDF.","scraped","scraped","scraped","","false","false","","","",""
"040878","Brunoise Mischung 500g Brunoise mélangée 500g Miscela brunoise 500g 0","","vegetables_fruit","","500","g","package","1","","","","","","","https://www-static.transgourmet.ch/public/2024-12/bgh-bestellvorlage_convenience.pdf","2026-08-22T12:54:03.659Z","verified_public_source","Extracted from an official public Transgourmet PDF.","scraped","scraped","scraped","","false","false","","","",""
"040967","Cherry Tomaten Rispen, 500 g","Quality","vegetables_fruit","tomatoes","500","g","tray","","","","","","4.95","per_pack","","","seed_unverified","","seed","seed","seed","seed","false","false","","","",""
"040972","Cherry Rispentomaten, 3 kg","Quality","vegetables_fruit","tomatoes","3","kg","tray","","","","","","8.4","per_kg","","","seed_unverified","","seed","seed","seed","seed","false","false","","","",""
"040979","Cherry Tomat.rot halbiert 1kg Tom.cherry rouges moitié 1kg Pom.ciliegia rossi metà 1kg 0","","vegetables_fruit","","1","kg","package","1","","","","","","","https://www-static.transgourmet.ch/public/2024-12/bgh-bestellvorlage_convenience.pdf","2026-08-22T12:54:03.659Z","verified_public_source","Extracted from an official public Transgourmet PDF.","scraped","scraped","scraped","","false","false","","","",""
"041141","Peperoni farbig Russisch 1kg Poivrons multicol. russe 1kg Peperoni colorati a.russa 1kg 8x8x8","","vegetables_fruit","","1","kg","package","1","","","","","","","https://www-static.transgourmet.ch/public/2024-12/bgh-bestellvorlage_convenience.pdf","2026-08-22T12:54:03.659Z","verified_public_source","Extracted from an official public Transgourmet PDF.","scraped","scraped","scraped","","false","false","","","",""
"041142","Peperoni farbig Rissolée 1kg Poivrons multicol.rissolés 1kg Peperoni colorati rissolés 1kg 14x14x14","","vegetables_fruit","","1","kg","package","1","","","","","","","https://www-static.transgourmet.ch/public/2024-12/bgh-bestellvorlage_convenience.pdf","2026-08-22T12:54:03.659Z","verified_public_source","Extracted from an official public Transgourmet PDF.","scraped","scraped","scraped","","false","false","","","",""
"041217","Cipollotte / Bundzwiebeln, gepackt, 2 Bund, ca. 3 St","Quality","vegetables_fruit","spring_onions","2","piece","pack","2","","","","","1.75","per_piece","","","seed_unverified","","seed","seed","seed","seed","false","false","","","",""
"041558","Eschalotten ganz geschäl.1kg Echalotes entières épluch.1kg Scalogni interi pelati 1kg 0","","vegetables_fruit","","1","kg","package","1","","","","","","","https://www-static.transgourmet.ch/public/2024-12/bgh-bestellvorlage_convenience.pdf","2026-08-22T12:54:03.659Z","verified_public_source","Extracted from an official public Transgourmet PDF.","scraped","scraped","scraped","","false","false","","","",""
"041560","Eschalotten gehackt 500g Echalotes hachées 500g Scalogni tritati 500g 3","","vegetables_fruit","","500","g","package","1","","","","","","","https://www-static.transgourmet.ch/public/2024-12/bgh-bestellvorlage_convenience.pdf","2026-08-22T12:54:03.659Z","verified_public_source","Extracted from an official public Transgourmet PDF.","scraped","scraped","scraped","","false","false","","","",""
"041704","Fenchel, 5 kg","Quality","vegetables_fruit","fennel","5","kg","case","","","","","","4.35","per_kg","","","seed_unverified","","seed","seed","seed","seed","false","false","","","",""
"041930","Gemüsemischung Mirepoix 1kg Mél. de légumes Mirepoix 1kg Miscela d.verdure Mirepoix 1kg 20x20","","vegetables_fruit","","1","kg","package","1","","","","","","","https://www-static.transgourmet.ch/public/2024-12/bgh-bestellvorlage_convenience.pdf","2026-08-22T12:54:03.659Z","verified_public_source","Extracted from an official public Transgourmet PDF.","scraped","scraped","scraped","","false","false","","","",""
"041932","Gemüsemisch. Mirepoix hell 1kg Mél.légumes Mirepoix clair 1kg Misc.verd.Mirepoix chiaro 1kg 20x20","","vegetables_fruit","","1","kg","package","1","","","","","","","https://www-static.transgourmet.ch/public/2024-12/bgh-bestellvorlage_convenience.pdf","2026-08-22T12:54:03.659Z","verified_public_source","Extracted from an official public Transgourmet PDF.","scraped","scraped","scraped","","false","false","","","",""
"041938","Gemüsemischung Paysanne 1kg Mél. de légumes paysanne 1kg Miscela verdure contadina 1kg 10","","vegetables_fruit","","1","kg","package","1","","","","","","","https://www-static.transgourmet.ch/public/2024-12/bgh-bestellvorlage_convenience.pdf","2026-08-22T12:54:03.659Z","verified_public_source","Extracted from an official public Transgourmet PDF.","scraped","scraped","scraped","","false","false","","","",""
"041945","Gemüse Julienne 300g Légumes en julienne 300g Verdure alla julienne 300g 2,4","","vegetables_fruit","","300","g","package","1","","","","","","","https://www-static.transgourmet.ch/public/2024-12/bgh-bestellvorlage_convenience.pdf","2026-08-22T12:54:03.659Z","verified_public_source","Extracted from an official public Transgourmet PDF.","scraped","scraped","scraped","","false","false","","","",""
"041965","Gemüse Sticks gemischt 1kg Bâtonnets légumes mélangés 1kg Verdura in stick mista 1kg 0","","vegetables_fruit","","1","kg","package","1","","","","","","","https://www-static.transgourmet.ch/public/2024-12/bgh-bestellvorlage_convenience.pdf","2026-08-22T12:54:03.659Z","verified_public_source","Extracted from an official public Transgourmet PDF.","scraped","scraped","scraped","","false","false","","","",""
"041971","Gemüsespiess (8 Stk.) Brochette de légumes (8 pcs) Spiedini di verdure (8 pz.) 0","","vegetables_fruit","","880","g","package","1","","","","","","","https://www-static.transgourmet.ch/public/2024-12/bgh-bestellvorlage_convenience.pdf","2026-08-22T12:54:03.659Z","verified_public_source","Extracted from an official public Transgourmet PDF.","scraped","scraped","scraped","","false","false","","","",""
"042020","Gurken 400 - 500 g / St, 4 St","Quality","vegetables_fruit","cucumbers","4","piece","pack","4","","","","","1.75","per_piece","","","seed_unverified","","seed","seed","seed","seed","false","false","","","",""
"042102","Gurken Scheiben ungeschält 1kg Concombres rondel.n.épluch.1kg Cetriolo a fette non pelat.1kg 3","","vegetables_fruit","","1","kg","package","1","","","","","","","https://www-static.transgourmet.ch/public/2024-12/bgh-bestellvorlage_convenience.pdf","2026-08-22T12:54:03.659Z","verified_public_source","Extracted from an official public Transgourmet PDF.","scraped","scraped","scraped","","false","false","","","",""
"042104","Gurken Halbmond 1kg Concombre demi-lune 1kg Cetriolini mezzaluna 1kg 0","","vegetables_fruit","","1","kg","package","1","","","","","","","https://www-static.transgourmet.ch/public/2024-12/bgh-bestellvorlage_convenience.pdf","2026-08-22T12:54:03.659Z","verified_public_source","Extracted from an official public Transgourmet PDF.","scraped","scraped","scraped","","false","false","","","",""
"042294","Kabis rot Julienne grob 3kg Chou rouge julienne gros 3kg Cavolo rosso julienne gros.3kg 5","","vegetables_fruit","","3","kg","package","1","","","","","","","https://www-static.transgourmet.ch/public/2024-12/bgh-bestellvorlage_convenience.pdf","2026-08-22T12:54:03.659Z","verified_public_source","Extracted from an official public Transgourmet PDF.","scraped","scraped","scraped","","false","false","","","",""
"042363","Kabis weiss mittel, ca. 5 kg","Quality","vegetables_fruit","cabbage","5","kg","piece","1","","","","","","","https://web.transgourmet.ch/de/prodega-easy/catalog/article/042363","2026-08-22","official_product_verified_price_unverified","Approximate single-item weight; public page did not expose price.","seed","seed","seed","","false","false","","","",""
"042391","Karotten-Pfälzer Schuppen 5kg Carottes jau.coup.diamant 5kg Carote gialle tagl.diamant.5kg 0","","vegetables_fruit","","5","kg","package","1","","","","","","","https://www-static.transgourmet.ch/public/2024-12/bgh-bestellvorlage_convenience.pdf","2026-08-22T12:54:03.659Z","verified_public_source","Extracted from an official public Transgourmet PDF.","scraped","scraped","scraped","","false","false","","","",""
"042395","Karotten-Pfälzer Würfel 5kg Carottes jaunes en cubes 5kg Carote gialle a cubetti 5kg 15x15","","vegetables_fruit","","5","kg","package","1","","","","","","","https://www-static.transgourmet.ch/public/2024-12/bgh-bestellvorlage_convenience.pdf","2026-08-22T12:54:03.659Z","verified_public_source","Extracted from an official public Transgourmet PDF.","scraped","scraped","scraped","","false","false","","","",""
"042406","Karotten Schuppen 5kg Carottes coup. en diamant 5kg Carote tagliate diamante 5kg 0","","vegetables_fruit","","5","kg","package","1","","","","","","","https://www-static.transgourmet.ch/public/2024-12/bgh-bestellvorlage_convenience.pdf","2026-08-22T12:54:03.659Z","verified_public_source","Extracted from an official public Transgourmet PDF.","scraped","scraped","scraped","","false","false","","","",""
"042412","Bio Rüebli Julienne 250g Bio Carottes en julienne 250g Bio Carote alla julienne 250g 1,6","","vegetables_fruit","","250","g","package","1","","","","","","","https://www-static.transgourmet.ch/public/2024-12/bgh-bestellvorlage_convenience.pdf","2026-08-22T12:54:03.659Z","verified_public_source","Extracted from an official public Transgourmet PDF.","scraped","scraped","scraped","","false","false","","","",""
"042419","Kartoff.Scheib. roh MK 3mm 5kg Pom.de terr.tran.far.3mm 5kg Patate a fette, cr.far.3mm 5kg 3","","vegetables_fruit","","5","kg","package","1","","","","","","","https://www-static.transgourmet.ch/public/2024-12/bgh-bestellvorlage_convenience.pdf","2026-08-22T12:54:03.659Z","verified_public_source","Extracted from an official public Transgourmet PDF.","scraped","scraped","scraped","","false","false","","","",""
"042421","Kartoff.Scheib. roh MK 5mm 5kg Pom.de terr.tran.far.5mm 5kg Patate a fette, far.cr.5mm 5kg 5","","vegetables_fruit","","5","kg","package","1","","","","","","","https://www-static.transgourmet.ch/public/2024-12/bgh-bestellvorlage_convenience.pdf","2026-08-22T12:54:03.659Z","verified_public_source","Extracted from an official public Transgourmet PDF.","scraped","scraped","scraped","","false","false","","","",""
"042423","Baked Potato. roh Alu (Schale) Baked Pot.crues alu (barqu.) Patate crude a.cartoc.(vasch.) 0","","vegetables_fruit","","1","kg","package","1","","","","","","","https://www-static.transgourmet.ch/public/2024-12/bgh-bestellvorlage_convenience.pdf","2026-08-22T12:54:03.659Z","verified_public_source","Extracted from an official public Transgourmet PDF.","scraped","scraped","scraped","","false","false","","","",""
"042447","Kart. Würfel MK 15x15mm 5kg Pom.d.terr.cub.far.15x15mm 5kg Patate cub.cru.far.15x15mm 5kg 15x15","","vegetables_fruit","","5","kg","package","1","","","","","","","https://www-static.transgourmet.ch/public/2024-12/bgh-bestellvorlage_convenience.pdf","2026-08-22T12:54:03.659Z","verified_public_source","Extracted from an official public Transgourmet PDF.","scraped","scraped","scraped","","false","false","","","",""
"042451","Kart. Würfel FK 25x25mm 5kg Pom.d.t.cubes ferm.25x25mm 5kg Patate cub.re.cot.25x25mm 5kg 25x25","","vegetables_fruit","","5","kg","package","1","","","","","","","https://www-static.transgourmet.ch/public/2024-12/bgh-bestellvorlage_convenience.pdf","2026-08-22T12:54:03.659Z","verified_public_source","Extracted from an official public Transgourmet PDF.","scraped","scraped","scraped","","false","false","","","",""
"042592","Knoblauch Original ganz geschält, 1 kg","","vegetables_fruit","garlic","1","kg","can","1","","","","","","","https://www-static.transgourmet.ch/public/2024-12/bgh-bestellvorlage_convenience.pdf","2026-08-22T12:54:03.659Z","verified_public_source","Extracted from an official public Transgourmet PDF.","merged","merged","scraped","","false","false","","","Official product page identifies a 1 kg can; the multilingual PDF name was extraction noise.","https://web.transgourmet.ch/de/prodega-easy/catalog/article/042592"
"042593","Knoblauch ganz geschält 1kg Ail entier épluché 1kg Aglio intero, pulito 1kg 0","","vegetables_fruit","","1","kg","package","1","","","","","","","https://www-static.transgourmet.ch/public/2024-12/bgh-bestellvorlage_convenience.pdf","2026-08-22T12:54:03.659Z","verified_public_source","Extracted from an official public Transgourmet PDF.","scraped","scraped","scraped","","false","false","","","",""
"042596","Knoblauch ganz geschält 500g Ail entier épluché 500g Aglio intero pulito 500g 0","","vegetables_fruit","","500","g","package","1","","","","","","","https://www-static.transgourmet.ch/public/2024-12/bgh-bestellvorlage_convenience.pdf","2026-08-22T12:54:03.659Z","verified_public_source","Extracted from an official public Transgourmet PDF.","scraped","scraped","scraped","","false","false","","","",""
"042597","Knoblauch gehackt 200g Ail haché 200g Aglio tritato 200g 0","","vegetables_fruit","","200","g","package","1","","","","","","","https://www-static.transgourmet.ch/public/2024-12/bgh-bestellvorlage_convenience.pdf","2026-08-22T12:54:03.659Z","verified_public_source","Extracted from an official public Transgourmet PDF.","scraped","scraped","scraped","","false","false","","","",""
"042598","Knoblauch gehackt 1kg Ail haché 1kg Aglio tritato 1kg 0","","vegetables_fruit","","1","kg","package","1","","","","","","","https://www-static.transgourmet.ch/public/2024-12/bgh-bestellvorlage_convenience.pdf","2026-08-22T12:54:03.659Z","verified_public_source","Extracted from an official public Transgourmet PDF.","scraped","scraped","scraped","","false","false","","","",""
"042951","Kürbis Muskat, ganz einzeln, ca. 5 - 8 kg","Quality","vegetables_fruit","pumpkin","8","kg","piece","","","","","","2.1","per_kg","","","seed_unverified","","seed","seed","seed","seed","false","false","","","",""
"042962","Kürbis geschält 1kg Courge épluchée 1kg Zucca pelata 1kg 0","","vegetables_fruit","","1","kg","package","1","","","","","","","https://www-static.transgourmet.ch/public/2024-12/bgh-bestellvorlage_convenience.pdf","2026-08-22T12:54:03.659Z","verified_public_source","Extracted from an official public Transgourmet PDF.","scraped","scraped","scraped","","false","false","","","",""
"042969","Kürbis Rissolée 3kg Courge rissolée 3kg Zucca rissolée 3kg 14x14x14","","vegetables_fruit","","3","kg","package","1","","","","","","","https://www-static.transgourmet.ch/public/2024-12/bgh-bestellvorlage_convenience.pdf","2026-08-22T12:54:03.659Z","verified_public_source","Extracted from an official public Transgourmet PDF.","scraped","scraped","scraped","","false","false","","","",""
"042972","Kürbis Stängeli 1kg Courge en bâtonnets 1kg Zucca a bastoncini 1kg 8x8x50","","vegetables_fruit","","1","kg","package","1","","","","","","","https://www-static.transgourmet.ch/public/2024-12/bgh-bestellvorlage_convenience.pdf","2026-08-22T12:54:03.659Z","verified_public_source","Extracted from an official public Transgourmet PDF.","scraped","scraped","scraped","","false","false","","","",""
"043294","Lauch Ringe 5mm 3kg Poireaux rondelles 5mm 3kg Porro a rondelle 5mm 3kg 5","","vegetables_fruit","","3","kg","package","1","","","","","","","https://www-static.transgourmet.ch/public/2024-12/bgh-bestellvorlage_convenience.pdf","2026-08-22T12:54:03.659Z","verified_public_source","Extracted from an official public Transgourmet PDF.","scraped","scraped","scraped","","false","false","","","",""
"043554","Quality Menü-Salat, 10 mm, 1 kg","Quality","vegetables_fruit","leafy_greens","1","kg","pack","","","","","","5.95","per_pack","","","seed_unverified","","seed","seed","seed","seed","false","false","","","",""
"043577","Minestrone 500g Minestrone 500g Minestrone 500g 0","","vegetables_fruit","","500","g","package","1","","","","","","","https://www-static.transgourmet.ch/public/2024-12/bgh-bestellvorlage_convenience.pdf","2026-08-22T12:54:03.659Z","verified_public_source","Extracted from an official public Transgourmet PDF.","scraped","scraped","scraped","","false","false","","","",""
"043920","Pak Choi Chinesischer Senfkohl, ca. 3 St, ca. 750 g","Quality","vegetables_fruit","leafy_greens","750","g","pack","","","","","","4.98","per_kg","","","seed_unverified","","seed","seed","seed","seed","false","false","","","",""
"044080","Peperoni rot Rissolée 1kg Poivrons rouges rissolés 1kg Peperoni rossi rissolés 1kg 14x14x14","","vegetables_fruit","","1","kg","package","1","","","","","","","https://www-static.transgourmet.ch/public/2024-12/bgh-bestellvorlage_convenience.pdf","2026-08-22T12:54:03.659Z","verified_public_source","Extracted from an official public Transgourmet PDF.","scraped","scraped","scraped","","false","false","","","",""
"044106","Peperoni gemischt, 2 kg","Quality","vegetables_fruit","peppers","2","kg","bag","","","","","","5.15","per_kg","","","seed_unverified","","seed","seed","seed","seed","false","false","","","",""
"044107","Peperoni Tricolor, Import, 5 kg","Quality","vegetables_fruit","peppers","5","kg","case","","","","","","4.65","per_kg","","","seed_unverified","","seed","seed","seed","seed","false","false","","","",""
"044138","Peperoni farbig Streifen 1kg Poivrons multicol.julienne 1kg Peperoni colorati julienne 1kg 0","","vegetables_fruit","","1","kg","package","1","","","","","","","https://www-static.transgourmet.ch/public/2024-12/bgh-bestellvorlage_convenience.pdf","2026-08-22T12:54:03.659Z","verified_public_source","Extracted from an official public Transgourmet PDF.","scraped","scraped","scraped","","false","false","","","",""
"044176","Petersilie gehackt 100g Persil haché 100g Prezzemolo tritato 100g 0","","vegetables_fruit","","100","g","package","1","","","","","","","https://www-static.transgourmet.ch/public/2024-12/bgh-bestellvorlage_convenience.pdf","2026-08-22T12:54:03.659Z","verified_public_source","Extracted from an official public Transgourmet PDF.","scraped","scraped","scraped","","false","false","","","",""
"044199","Pot-au-feu geschnitten 500g Pot-au-feu coupé 500g Pot-au-feu tagliato 500g 0","","vegetables_fruit","","500","kg","package","1","","","","","","","https://www-static.transgourmet.ch/public/2024-12/bgh-bestellvorlage_convenience.pdf","2026-08-22T12:54:03.659Z","verified_public_source","Extracted from an official public Transgourmet PDF.","scraped","scraped","scraped","","false","false","","","",""
"044270","Radiesli Scheiben 3mm 500g Radis en rondelles 3mm 500g Ravanelli a fette 3mm 500g 3","","vegetables_fruit","","500","g","package","1","","","","","","","https://www-static.transgourmet.ch/public/2024-12/bgh-bestellvorlage_convenience.pdf","2026-08-22T12:54:03.659Z","verified_public_source","Extracted from an official public Transgourmet PDF.","scraped","scraped","scraped","","false","false","","","",""
"044382","Ratatouille 1kg Ratatouille 1kg Ratatouille 1kg 18","","vegetables_fruit","","1","kg","package","1","","","","","","","https://www-static.transgourmet.ch/public/2024-12/bgh-bestellvorlage_convenience.pdf","2026-08-22T12:54:03.659Z","verified_public_source","Extracted from an official public Transgourmet PDF.","scraped","scraped","scraped","","false","false","","","",""
"044549","Rucola / Rauke, 1 kg","Quality","vegetables_fruit","leafy_greens","1","kg","case","","","","","","10.5","per_kg","","","seed_unverified","","seed","seed","seed","seed","false","false","","","",""
"044571","Rüebkohl/Kohlra.ganz gesch.3kg Chou-pomme entier épluché 3kg Cavolo rapa intero pelato 3kg 0","","vegetables_fruit","","5","kg","package","1","","","","","","","https://www-static.transgourmet.ch/public/2024-12/bgh-bestellvorlage_convenience.pdf","2026-08-22T12:54:03.659Z","verified_public_source","Extracted from an official public Transgourmet PDF.","scraped","scraped","scraped","","false","false","","","",""
"044572","Rüebkohl/Kohlra. Rissolée 1kg Chou-pomme rissolé 1kg Cavolo rapa rissolée 1kg 14x14x14","","vegetables_fruit","","1","kg","package","1","","","","","","","https://www-static.transgourmet.ch/public/2024-12/bgh-bestellvorlage_convenience.pdf","2026-08-22T12:54:03.659Z","verified_public_source","Extracted from an official public Transgourmet PDF.","scraped","scraped","scraped","","false","false","","","",""
"044574","Rüebkohl/Kohlra. Stängeli 1kg Chou-pomme en bâtonnets 1kg Cavolo rapa a bastoncini 1kg 8x8x50","","vegetables_fruit","","1","kg","package","1","","","","","","","https://www-static.transgourmet.ch/public/2024-12/bgh-bestellvorlage_convenience.pdf","2026-08-22T12:54:03.659Z","verified_public_source","Extracted from an official public Transgourmet PDF.","scraped","scraped","scraped","","false","false","","","",""
"044575","Rüebkohl/Kohlra. Stängeli 3kg Chou-pomme en bâtonnets 3kg Cavolo rapa a bastoncini 3kg 8x8x50","","vegetables_fruit","","5","kg","package","1","","","","","","","https://www-static.transgourmet.ch/public/2024-12/bgh-bestellvorlage_convenience.pdf","2026-08-22T12:54:03.659Z","verified_public_source","Extracted from an official public Transgourmet PDF.","scraped","scraped","scraped","","false","false","","","",""
"044641","Rüebli Brunoise 3kg Carottes brunoise 3kg Carote a brunoise 3kg 5x5","","vegetables_fruit","","3","kg","package","1","","","","","","","https://www-static.transgourmet.ch/public/2024-12/bgh-bestellvorlage_convenience.pdf","2026-08-22T12:54:03.659Z","verified_public_source","Extracted from an official public Transgourmet PDF.","scraped","scraped","scraped","","false","false","","","",""
"044651","Rüebli Scheiben Vichy 5kg Carottes rondelles Vichy 5kg Carote a fette Vichy 5kg 4","","vegetables_fruit","","5","kg","package","1","","","","","","","https://www-static.transgourmet.ch/public/2024-12/bgh-bestellvorlage_convenience.pdf","2026-08-22T12:54:03.659Z","verified_public_source","Extracted from an official public Transgourmet PDF.","scraped","scraped","scraped","","false","false","","","",""
"044653","Rüebli Würfel 5kg Carottes en cubes 5kg Carote a cubetti 5kg 15x15","","vegetables_fruit","","5","kg","package","1","","","","","","","https://www-static.transgourmet.ch/public/2024-12/bgh-bestellvorlage_convenience.pdf","2026-08-22T12:54:03.659Z","verified_public_source","Extracted from an official public Transgourmet PDF.","scraped","scraped","scraped","","false","false","","","",""
"044683","Rüebli Stäbchen 1kg Carottes en bâtonnets 1kg Bastoncini di carote 1kg 8x8x50","","vegetables_fruit","","1","kg","package","1","","","","","","","https://www-static.transgourmet.ch/public/2024-12/bgh-bestellvorlage_convenience.pdf","2026-08-22T12:54:03.659Z","verified_public_source","Extracted from an official public Transgourmet PDF.","scraped","scraped","scraped","","false","false","","","",""
"044685","Rüebli Julienne Grobschn. 1kg Carottes julien.coup. gros 1kg Carote julienne tagl.gros.1kg 2,5","","vegetables_fruit","","1","kg","package","1","","","","","","","https://www-static.transgourmet.ch/public/2024-12/bgh-bestellvorlage_convenience.pdf","2026-08-22T12:54:03.659Z","verified_public_source","Extracted from an official public Transgourmet PDF.","scraped","scraped","scraped","","false","false","","","",""
"044688","Rüebli ganz geschält 5 kg Carottes entières épluch. 5 kg Carote intere pelate 5 kg 0","","vegetables_fruit","","5","kg","package","1","","","","","","","https://www-static.transgourmet.ch/public/2024-12/bgh-bestellvorlage_convenience.pdf","2026-08-22T12:54:03.659Z","verified_public_source","Extracted from an official public Transgourmet PDF.","scraped","scraped","scraped","","false","false","","","",""
"044689","Rüebli ganz geschält 2 kg Carottes entières épluch. 2 kg Carote intere pelate 2 kg 0","","vegetables_fruit","","2","kg","package","1","","","","","","","https://www-static.transgourmet.ch/public/2024-12/bgh-bestellvorlage_convenience.pdf","2026-08-22T12:54:03.659Z","verified_public_source","Extracted from an official public Transgourmet PDF.","scraped","scraped","scraped","","false","false","","","",""
"044740","Rösti frisch 5kg Roesti frais 5kg Roesti freschi 5kg 9","","vegetables_fruit","","5","kg","package","1","","","","","","","https://www-static.transgourmet.ch/public/2024-12/bgh-bestellvorlage_convenience.pdf","2026-08-22T12:54:03.659Z","verified_public_source","Extracted from an official public Transgourmet PDF.","scraped","scraped","scraped","","false","false","","","",""
"045358","Tomaten mit Rispen Import, 5 kg","Quality","vegetables_fruit","tomatoes","5","kg","case","1","","","","","","","https://web.transgourmet.ch/de/prodega-easy/catalog/article/045358","2026-08-22","official_product_verified_price_unverified","Official product and pack size verified; public page did not expose price.","seed","seed","seed","","false","false","","","",""
"045914","Zwiebeln rot gross, 10 kg","","vegetables_fruit","onions","10","kg","bag","","","","","","1.98","per_kg","","","seed_unverified","","seed","seed","seed","seed","false","false","","","",""
"045915","Zwiebeln rot mittel, 1 kg","Quality","vegetables_fruit","onions","1","kg","bag","","","","","","2.25","per_pack","","","seed_unverified","","seed","seed","seed","seed","false","false","","","",""
"045916","Zwiebeln rot, 5 kg","Quality","vegetables_fruit","onions","5","kg","bag","","","","","","2.1","per_kg","","","seed_unverified","","seed","seed","seed","seed","false","false","","","",""
"046594","Avocado Purée / Guacamole, 500 g","","sauces_condiments","guacamole","500","g","tub","","","","","","5.7","per_pack","","","seed_unverified","","seed","seed","seed","seed","false","false","","","",""
"046922","Blueberries, 500 g","Quality","vegetables_fruit","berries","500","g","tray","","","","","","4.4","per_pack","","","seed_unverified","","seed","seed","seed","seed","false","false","","","",""
"048787","Trauben mix weiss / blau, 5 kg","Quality","vegetables_fruit","grapes","5","kg","case","","","","","","2.75","per_kg","","","seed_unverified","","seed","seed","seed","seed","false","false","","","",""
"048824","Zitronen, 2 kg","Quality","vegetables_fruit","lemons","2","kg","bag","","","","","","2.1","per_kg","","","seed_unverified","","seed","seed","seed","seed","false","false","","","",""
"048827","Zitronen, 6 kg","Quality","vegetables_fruit","lemons","6","kg","case","","","","","","1.9","per_kg","","","seed_unverified","","seed","seed","seed","seed","false","false","","","",""
"049127","Champignons braun, frisch, 1 kg","Quality","vegetables_fruit","mushrooms","1","kg","case","","","","","","7.6","per_pack","","","seed_unverified","","seed","seed","seed","seed","false","false","","","",""
"054250","GGAP Lachs Medaillon, mit Haut, grätenarm, Zucht, Norwegen (70 g, 90 g, 110 g, 130 g, 150 g, 170 g,","","fish_seafood","","190","g","package","1","","","","","","","https://www-static.transgourmet.ch/public/2024-07/2024_1187_tg-care_kompetenz_fisch_d.pdf","2026-08-22T12:54:05.471Z","verified_public_source","Extracted from an official public Transgourmet PDF.","scraped","scraped","scraped","","false","false","","","",""
"054280","GGAP Lachs Medaillon, ohne Haut, grätenarm, Zucht, Norwegen (70 g, 90 g, 110 g, 130 g, 150 g, 170 g,","","fish_seafood","","190","g","package","1","","","","","","","https://www-static.transgourmet.ch/public/2024-07/2024_1187_tg-care_kompetenz_fisch_d.pdf","2026-08-22T12:54:05.471Z","verified_public_source","Extracted from an official public Transgourmet PDF.","scraped","scraped","scraped","","false","false","","","",""
"054301","Lachsforelle Filet, mit Haut, grätenarm, Zucht, Italien (","","fish_seafood","","90","g","package","1","","","","","","","https://www-static.transgourmet.ch/public/2024-07/2024_1187_tg-care_kompetenz_fisch_d.pdf","2026-08-22T12:54:05.471Z","verified_public_source","Extracted from an official public Transgourmet PDF.","scraped","scraped","scraped","","false","false","","","",""
"054401","MSC Dorsch Filet Royal, Portion, ohne Haut, Wild, FAO 27 (90 g,","","fish_seafood","","150","g","package","1","","","","","","","https://www-static.transgourmet.ch/public/2024-07/2024_1187_tg-care_kompetenz_fisch_d.pdf","2026-08-22T12:54:05.471Z","verified_public_source","Extracted from an official public Transgourmet PDF.","scraped","scraped","scraped","","false","false","","","",""
"054411","MSC Seelachs Filet Royal, ohne Haut, Wild, FAO 27 (90 g,","","fish_seafood","","130","g","package","1","","","","","","","https://www-static.transgourmet.ch/public/2024-07/2024_1187_tg-care_kompetenz_fisch_d.pdf","2026-08-22T12:54:05.471Z","verified_public_source","Extracted from an official public Transgourmet PDF.","scraped","scraped","scraped","","false","false","","","",""
"054441","Forelle Filetm, mit Haut, grätenarm, Zucht, Italien (","","fish_seafood","","90","g","package","1","","","","","","","https://www-static.transgourmet.ch/public/2024-07/2024_1187_tg-care_kompetenz_fisch_d.pdf","2026-08-22T12:54:05.471Z","verified_public_source","Extracted from an official public Transgourmet PDF.","scraped","scraped","scraped","","false","false","","","",""
"054722","Rinds-Geschnetzeltes II, Stotzen, zum Kochen, ca. 5 kg","Quality","meat_poultry","beef","5","kg","pack","","","","","","19.99","per_kg","","","seed_unverified","","seed","seed","seed","seed","false","false","","","",""
"060370","ASC Saibling Portionen, mit Haut, grätenarm ca. 150–180 g, Zucht, Island, tiefgekühlt,","","fish_seafood","","1","kg","case","5","","","","","","","https://www-static.transgourmet.ch/public/2024-07/2024_1187_tg-care_kompetenz_fisch_d.pdf","2026-08-22T12:54:05.471Z","verified_public_source","Extracted from an official public Transgourmet PDF.","scraped","scraped","scraped","","false","false","","","",""
"060390","MSC Hoki Müllerin Art, Wild, FAO 41/81, tiefgekühlt,","","fish_seafood","","1.8","kg","case","3","","","","","","","https://www-static.transgourmet.ch/public/2024-07/2024_1187_tg-care_kompetenz_fisch_d.pdf","2026-08-22T12:54:05.471Z","verified_public_source","Extracted from an official public Transgourmet PDF.","scraped","scraped","scraped","","false","false","","","",""
"060460","MSC Kabeljau Royal, ca. 140–160 g, Wild, FAO 27, tiefgekühlt,","","fish_seafood","","1","kg","case","5","","","","","","","https://www-static.transgourmet.ch/public/2024-07/2024_1187_tg-care_kompetenz_fisch_d.pdf","2026-08-22T12:54:05.471Z","verified_public_source","Extracted from an official public Transgourmet PDF.","scraped","scraped","scraped","","false","false","","","",""
"060480","MSC Cocktail Crevetten, gekocht, 200/300, Wild, FAO 21/27, tiefgekühlt,","","fish_seafood","","1","kg","case","4","","","","","","","https://www-static.transgourmet.ch/public/2024-07/2024_1187_tg-care_kompetenz_fisch_d.pdf","2026-08-22T12:54:05.471Z","verified_public_source","Extracted from an official public Transgourmet PDF.","scraped","scraped","scraped","","false","false","","","",""
"061171","Bell Augustiner Schüblig 5 x 155 g","Bell","meat_poultry","sausage","775","g","pack","5","","","","","2.29","per_piece","","","seed_unverified","","seed","seed","seed","seed","false","false","","","",""
"061495","Poulet Crispy Schnitzel, geformt, paniert, frittiert, tiefgekühlt,","Economy","meat_poultry","","125","g","case","32","","","","","","","https://www-static.transgourmet.ch/public/2024-03/2024_0062_tg-care_kompetenz_fleisch_d_94986_1.pdf","2026-08-22T12:54:07.146Z","verified_public_source","Extracted from an official public Transgourmet PDF.","scraped","scraped","scraped","","false","false","","","",""
"061496","Chicken Nuggets, geformt, paniert, frittiert, tiefgekühlt,","Economy","meat_poultry","","2.5","kg","case","2","","","","","","","https://www-static.transgourmet.ch/public/2024-03/2024_0062_tg-care_kompetenz_fleisch_d_94986_1.pdf","2026-08-22T12:54:07.146Z","verified_public_source","Extracted from an official public Transgourmet PDF.","scraped","scraped","scraped","","false","false","","","",""
"061620","Bell Poulet Meatballs gegart, tiefgekühlt, 16-18 g,","","meat_poultry","","2","kg","case","3","","","","","","","https://www-static.transgourmet.ch/public/2024-03/2024_0062_tg-care_kompetenz_fleisch_d_94986_1.pdf","2026-08-22T12:54:07.146Z","verified_public_source","Extracted from an official public Transgourmet PDF.","scraped","scraped","scraped","","false","false","","","",""
"065360","Poulet Schenkel Mini Cordon-bleu, 4 x 10 x 80–","","meat_poultry","","100","g","package","1","","","","","","","https://www-static.transgourmet.ch/public/2024-03/2024_0062_tg-care_kompetenz_fleisch_d_94986_1.pdf","2026-08-22T12:54:07.146Z","verified_public_source","Extracted from an official public Transgourmet PDF.","scraped","scraped","scraped","","false","false","","","",""
"067090","GGAP Lachsforellen Filet, mit Haut, grätenarm, ca. 130–150 g, Zucht, Türkei, tiefgekühlt,","","fish_seafood","","5","kg","package","1","","","","","","","https://www-static.transgourmet.ch/public/2024-07/2024_1187_tg-care_kompetenz_fisch_d.pdf","2026-08-22T12:54:05.471Z","verified_public_source","Extracted from an official public Transgourmet PDF.","scraped","scraped","scraped","","false","false","","","",""
"067510","ASC Lachs Medaillon, ohne Haut, grätenarm, ca. 140–160 g, Zucht, Färöer, tiefgekühlt,","","fish_seafood","","5","kg","package","1","","","","","","","https://www-static.transgourmet.ch/public/2024-07/2024_1187_tg-care_kompetenz_fisch_d.pdf","2026-08-22T12:54:05.471Z","verified_public_source","Extracted from an official public Transgourmet PDF.","scraped","scraped","scraped","","false","false","","","",""
"067650","ASC Pangasius Knusperli, im Bierteig, Zucht, Vietnam,","Quality","fish_seafood","","1","kg","case","5","","","","","","","https://www-static.transgourmet.ch/public/2024-07/2024_1187_tg-care_kompetenz_fisch_d.pdf","2026-08-22T12:54:05.471Z","verified_public_source","Extracted from an official public Transgourmet PDF.","scraped","scraped","scraped","","false","false","","","",""
"068180","Bio Mangroven Crevetten, Black Tiger, easy peel, entdarmt, 13/15, Zucht, Vietnam, tiefgekühlt,","Natura","fish_seafood","","1","kg","case","10","","","","","","","https://www-static.transgourmet.ch/public/2024-07/2024_1187_tg-care_kompetenz_fisch_d.pdf","2026-08-22T12:54:05.471Z","verified_public_source","Extracted from an official public Transgourmet PDF.","scraped","scraped","scraped","","false","false","","","",""
"068406","Quality Pulpo Blume, geputzt, tiefgekühlt, ca. 1 - 2 kg","Quality","fish_seafood","octopus","1.5","kg","pack","","","","","","17.50","per_kg","","","seed_unverified","","seed","seed","seed","seed","false","false","","","",""
"068510","MSC Alaska Seelachs Filet, im Backteig, 170 g, Wild, FAO 61/67, tiefgekühlt,","","fish_seafood","","6","kg","package","1","","","","","","","https://www-static.transgourmet.ch/public/2024-07/2024_1187_tg-care_kompetenz_fisch_d.pdf","2026-08-22T12:54:05.471Z","verified_public_source","Extracted from an official public Transgourmet PDF.","scraped","scraped","scraped","","false","false","","","",""
"068587","MSC Quality Schlemmerfilet Bordelaise, 160 g, Wild, FAO 61/67, tiefgekühlt,","","fish_seafood","","4.8","kg","package","1","","","","","","","https://www-static.transgourmet.ch/public/2024-07/2024_1187_tg-care_kompetenz_fisch_d.pdf","2026-08-22T12:54:05.471Z","verified_public_source","Extracted from an official public Transgourmet PDF.","scraped","scraped","scraped","","false","false","","","",""
"068662","Pangasius Filet, ca. 140–160 g, Glasur ca. 10 %, ohne Zusatzstoffe, Zucht, Vietnam, tiefgekühlt,","Quality","fish_seafood","","3","kg","package","1","","","","","","","https://www-static.transgourmet.ch/public/2024-07/2024_1187_tg-care_kompetenz_fisch_d.pdf","2026-08-22T12:54:05.471Z","verified_public_source","Extracted from an official public Transgourmet PDF.","scraped","scraped","scraped","","false","false","","","",""
"068730","Meeresfrüchte Cocktail, blanchiert, Glasur ca. 20 %, tiefgekühlt,","Quality","fish_seafood","","1","kg","case","6","","","","","","","https://www-static.transgourmet.ch/public/2024-07/2024_1187_tg-care_kompetenz_fisch_d.pdf","2026-08-22T12:54:05.471Z","verified_public_source","Extracted from an official public Transgourmet PDF.","scraped","scraped","scraped","","false","false","","","",""
"068760","ASC Tilapia Rückenfilet, ca. 80–120 g, Glasur ca. 10%, ohne Zusatzstoffe, Zucht, China, tiefgekühlt,","Quality","fish_seafood","","1","kg","case","5","","","","","","","https://www-static.transgourmet.ch/public/2024-07/2024_1187_tg-care_kompetenz_fisch_d.pdf","2026-08-22T12:54:05.471Z","verified_public_source","Extracted from an official public Transgourmet PDF.","scraped","scraped","scraped","","false","false","","","",""
"068780","MSC Schellfisch Loins, ohne Haut, ca. 100–120 g, Wild, FAO 27, tiefgekühlt,","","fish_seafood","","1","kg","case","5","","","","","","","https://www-static.transgourmet.ch/public/2024-07/2024_1187_tg-care_kompetenz_fisch_d.pdf","2026-08-22T12:54:05.471Z","verified_public_source","Extracted from an official public Transgourmet PDF.","scraped","scraped","scraped","","false","false","","","",""
"068861","Egli Filet, im Bierteig, ca. 20–30 g, Wild, FAO 04/05, tiefgekühlt,","","fish_seafood","","5","kg","package","1","","","","","","","https://www-static.transgourmet.ch/public/2024-07/2024_1187_tg-care_kompetenz_fisch_d.pdf","2026-08-22T12:54:05.471Z","verified_public_source","Extracted from an official public Transgourmet PDF.","scraped","scraped","scraped","","false","false","","","",""
"069581","Jackfruit Burger","","plant_based","","1","kg","case","4","","vegan","","","","","https://www-static.transgourmet.ch/public/2024-04/kw15-bgh-plant-based-kompetenzbroschuere-d.pdf","2026-08-22T12:54:01.714Z","verified_public_source","Extracted from an official public Transgourmet PDF.","scraped","scraped","scraped","","false","false","","","",""
"069590","Jackfruit Schnitzel","","plant_based","","1.2","kg","case","4","","vegan","","","16.90","4 x 1,2 kg","https://www-static.transgourmet.ch/public/2024-04/kw15-bgh-plant-based-kompetenzbroschuere-d.pdf","2026-08-22T12:54:01.714Z","verified_public_source","Extracted from an official public Transgourmet PDF.","scraped","scraped","scraped","scraped","false","false","","","",""
"069640","ASC Panierte Torpedo Garnelen, Zucht, Vietnam, tiefgekühlt,","Quality","fish_seafood","","1","kg","case","6","","","","","","","https://www-static.transgourmet.ch/public/2024-07/2024_1187_tg-care_kompetenz_fisch_d.pdf","2026-08-22T12:54:05.471Z","verified_public_source","Extracted from an official public Transgourmet PDF.","scraped","scraped","scraped","","false","false","","","",""
"069711","MSC Alaska Seelachs Filet Cornflakes Panade, 160 g, Wild, FAO 67/61, tiefgekühlt,","","fish_seafood","","6","kg","package","1","","","","","","","https://www-static.transgourmet.ch/public/2024-07/2024_1187_tg-care_kompetenz_fisch_d.pdf","2026-08-22T12:54:05.471Z","verified_public_source","Extracted from an official public Transgourmet PDF.","scraped","scraped","scraped","","false","false","","","",""
"069740","069740, MSC Kibbeling, in Knusperbackteig, Wild, FAO 61/67, tiefgekühlt,","","fish_seafood","","1","kg","case","6","","","","","","","https://www-static.transgourmet.ch/public/2024-07/2024_1187_tg-care_kompetenz_fisch_d.pdf","2026-08-22T12:54:05.471Z","verified_public_source","Extracted from an official public Transgourmet PDF.","scraped","scraped","scraped","","false","false","","","",""
"069990","Crevetten Black Tiger, geschält, entdarmt, 26/30, Glasur ca. 20 %, ohne Zusatzstoffe, Zucht, Vietnam, tiefgeühlt,","Quality","fish_seafood","","1","kg","case","10","","","","","","","https://www-static.transgourmet.ch/public/2024-07/2024_1187_tg-care_kompetenz_fisch_d.pdf","2026-08-22T12:54:05.471Z","verified_public_source","Extracted from an official public Transgourmet PDF.","scraped","scraped","scraped","","false","false","","","",""
"070540","Quorn Schnitzel nature, 55 g","Fredag","plant_based","","1","kg","case","5","","","","","22.70","5 x 1 kg","https://www-static.transgourmet.ch/public/2024-04/kw15-bgh-plant-based-kompetenzbroschuere-d.pdf","2026-08-22T12:54:01.714Z","verified_public_source","Extracted from an official public Transgourmet PDF.","scraped","scraped","scraped","scraped","false","false","","","",""
"071910","Quality Chicken Nuggets Premium, paniert, frittiert, tiefgekühlt, 4 kg","Quality","meat_poultry","chicken","4","kg","case","","","","","","12.99","per_kg","","","seed_unverified","","seed","seed","seed","seed","false","false","","","",""
"072150","Poulet Cordon bleu, geformt, paniert, frittiert, tiefgekühlt,","Quality","meat_poultry","","150","g","case","40","","","","","","","https://www-static.transgourmet.ch/public/2024-03/2024_0062_tg-care_kompetenz_fleisch_d_94986_1.pdf","2026-08-22T12:54:07.146Z","verified_public_source","Extracted from an official public Transgourmet PDF.","scraped","scraped","scraped","","false","false","","","",""
"072240","Ämmitaler Poulet Piccata, geformt, frittiert, tiefgekühlt, ca. 60 g,","","meat_poultry","","1","kg","case","3","","","","","","","https://www-static.transgourmet.ch/public/2024-03/2024_0062_tg-care_kompetenz_fleisch_d_94986_1.pdf","2026-08-22T12:54:07.146Z","verified_public_source","Extracted from an official public Transgourmet PDF.","scraped","scraped","scraped","","false","false","","","",""
"073276","Quality Poulet Cervelas, 100 g","Quality","meat_poultry","sausage","100","g","piece","1","","","","","0.89","per_piece","","","seed_unverified","","seed","seed","seed","seed","false","false","","","",""
"073335","Quality Gastro-Bratwurst, 10 x 160 g","Quality","meat_poultry","sausage","1.6","kg","pack","10","","","","","0.99","per_piece","","","seed_unverified","","seed","seed","seed","seed","false","false","","","",""
"080321","Vegetarische Frühlingsrollen 15 g","Quality","plant_based","","1","kg","package","1","","","","","11.50","1 kg","https://www-static.transgourmet.ch/public/2024-04/kw15-bgh-plant-based-kompetenzbroschuere-d.pdf","2026-08-22T12:54:01.714Z","verified_public_source","Extracted from an official public Transgourmet PDF.","scraped","scraped","scraped","scraped","false","false","","","",""
"080331","Vegetarische Frühlingsrollen 50 g","Quality","plant_based","","1","kg","package","1","","","","","10.70","1 kg","https://www-static.transgourmet.ch/public/2024-04/kw15-bgh-plant-based-kompetenzbroschuere-d.pdf","2026-08-22T12:54:01.714Z","verified_public_source","Extracted from an official public Transgourmet PDF.","scraped","scraped","scraped","scraped","false","false","","","",""
"080341","Vegetarische Samosa 20 g","Quality","plant_based","","1","kg","package","1","","","","","12.70","1 kg","https://www-static.transgourmet.ch/public/2024-04/kw15-bgh-plant-based-kompetenzbroschuere-d.pdf","2026-08-22T12:54:01.714Z","verified_public_source","Extracted from an official public Transgourmet PDF.","scraped","scraped","scraped","scraped","false","false","","","",""
"080420","ASC Goldbrassen Filet, mit Haut, grätenarm, ca. 90–120 g, Zucht, Türkei, tiefgekühlt,","","fish_seafood","","5","kg","package","1","","","","","","","https://www-static.transgourmet.ch/public/2024-07/2024_1187_tg-care_kompetenz_fisch_d.pdf","2026-08-22T12:54:05.471Z","verified_public_source","Extracted from an official public Transgourmet PDF.","scraped","scraped","scraped","","false","false","","","",""
"080822","Schweins-Rippli geräucht,","Quality","meat_poultry","","1.5","kg","package","1","","","","","","","https://www-static.transgourmet.ch/public/2024-03/2024_0062_tg-care_kompetenz_fleisch_d_94986_1.pdf","2026-08-22T12:54:07.146Z","verified_public_source","Extracted from an official public Transgourmet PDF.","scraped","scraped","scraped","","false","false","","","",""
"081523","Schweins-Hals geräucht, ohne Bein,","Quality","meat_poultry","","2","kg","package","1","","","","","","","https://www-static.transgourmet.ch/public/2024-03/2024_0062_tg-care_kompetenz_fleisch_d_94986_1.pdf","2026-08-22T12:54:07.146Z","verified_public_source","Extracted from an official public Transgourmet PDF.","scraped","scraped","scraped","","false","false","","","",""
"081591","Bell Speckwürfeli geräucht, ca. 2,5 kg","Bell","meat_poultry","bacon","2.5","kg","pack","","","","","","11.99","per_kg","","","seed_unverified","","seed","seed","seed","seed","false","false","","","",""
"082296","Quality Salami Milano, 1 kg","Quality","meat_poultry","salami","1","kg","piece","1","","","","","14.99","per_piece","","","seed_unverified","","seed","seed","seed","seed","false","false","","","",""
"082297","Quality Salami Nostrano, 1 kg","Quality","meat_poultry","salami","1","kg","piece","1","","","","","14.99","per_piece","","","seed_unverified","","seed","seed","seed","seed","false","false","","","",""
"087180","Ferrarini Bresaola Punta d'anca 1/2, ca. 1,6 kg","Ferrarini","meat_poultry","beef","1.6","kg","pack","","","","","","47.99","per_kg","","","seed_unverified","","seed","seed","seed","seed","false","false","","","",""
"087192","Ferrarini Rohschinken Dolce Riserva Mattonella, ca. 2 kg","Ferrarini","meat_poultry","ham","2","kg","pack","","","","","","25.99","per_kg","","","seed_unverified","","seed","seed","seed","seed","false","false","","","",""
"090732","Quality Beerenmischung, TK, 2 x 2,5 kg","Quality","vegetables_fruit","berries","5","kg","case","2","","","","","","","https://web.transgourmet.ch/de/prodega-easy/catalog/article/090732","2026-08-22","official_product_verified_price_unverified","2 x 2.5 kg frozen bags per case; public page did not expose price.","seed","seed","seed","","false","false","","","",""
"091060","Kadi Pommes Frites Normalschnitt, TK, 9 x 9 mm, 10 kg","Kadi","vegetables_fruit","potatoes","10","kg","case","","","","","","4.3","per_kg","","","seed_unverified","","seed","seed","seed","seed","false","false","","","",""
"091080","Kadi Pommes Frites Feinschnitt, TK, 7 x 7 mm, 10 kg","Kadi","vegetables_fruit","potatoes","10","kg","case","","","","","","4.3","per_kg","","","seed_unverified","","seed","seed","seed","seed","false","false","","","",""
"092095","Ditzler Karotten-Wedges rot und gelb TK, 2 x 2,5 kg","Ditzler","vegetables_fruit","carrots","5","kg","case","2","","","","","","","https://web.transgourmet.ch/de/prodega-easy/catalog/article/092095","2026-08-22","official_product_verified_price_unverified","2 x 2.5 kg frozen bags per case; availability not guaranteed on public page.","seed","seed","seed","","false","false","","","",""
"092150","Ditzler Maiskörner lose gefroren TK, 2 x 2,5 kg","Ditzler","vegetables_fruit","corn","5","kg","case","","","","","","3.85","per_kg","","","seed_unverified","","seed","seed","seed","seed","false","false","","","",""
"092321","Ditzler Sommergemüse, TK, 2 x 2,5 kg","Ditzler","vegetables_fruit","mixed_vegetables","5","kg","case","","","","","","4.30","per_kg","","","seed_unverified","","seed","seed","seed","seed","false","false","","","",""
"092660","Ditzler halbe Zwetschgen entsteint TK, 2 x 2,5 kg","Ditzler","vegetables_fruit","plums","5","kg","case","","","","","","5.2","per_kg","","","seed_unverified","","seed","seed","seed","seed","false","false","","","",""
"092930","Picosa Steinpilze Würfel, 2 x 2 cm, TK, 2 x 1 kg","Picosa","vegetables_fruit","mushrooms","2","kg","case","","","","","","18.9","per_kg","","","seed_unverified","","seed","seed","seed","seed","false","false","","","",""
"093756","Hummus, 1 kg","Gemma","sauces_condiments","hummus","1","kg","tub","","","","","","11.08","per_pack","","","seed_unverified","","seed","seed","seed","seed","false","false","","","",""
"094659","Kadi Frühlingsrollen China Gemüse, vegetarisch, TK, 32 x 50 g / 1,6 kg","Kadi","vegetables_fruit","vegetarian_snacks","1.6","kg","case","","","","","","24.96","per_pack","","","seed_unverified","","seed","seed","seed","seed","false","false","","","",""
"095101","Origine Eier Schweiz, Freiland, 53g+, 30 Stück","Origine","dairy_eggs","eggs","30","piece","pack","30","","","","","","","https://web.transgourmet.ch/de/prodega-easy/catalog/article/095101","2026-08-22","official_product_verified_price_unverified","Official product and pack size verified; public page did not expose price.","seed","seed","seed","","false","false","","","",""
"098251","Romer's Ballon gross, vorgebacken, TK, 20 x 80 g","Romer's","bread_bakery","bread_rolls","20","piece","case","20","","","","","","","https://web.transgourmet.ch/de/prodega-easy/catalog/article/098251","2026-08-22","official_product_verified_price_unverified","20 rolls x 80 g per case; public page did not expose price.","seed","seed","seed","","false","false","","","",""
"100561","Knorr French Dressing 12 l","","sauces_condiments","","575","l","package","1","","","","","","","https://www-static.transgourmet.ch/public/2024-10/kw45-bgh-guide-november-d.pdf","2026-08-22T13:29:35.164Z","verified_public_source","Extracted from an official public Transgourmet PDF.","scraped","scraped","scraped","","false","false","","","",""
"100590","Knorr Italian Dressing 12 l","","sauces_condiments","","695","l","package","1","","","","","","","https://www-static.transgourmet.ch/public/2024-10/kw45-bgh-guide-november-d.pdf","2026-08-22T13:29:35.164Z","verified_public_source","Extracted from an official public Transgourmet PDF.","scraped","scraped","scraped","","false","false","","","",""
"103351","Hero Konfitüre Extra Sortiment CC, Portionen, 120 x 25 g","Hero","dessert_ingredients","jam","3","kg","case","","","","","","35.2","per_pack","","","seed_unverified","","seed","seed","seed","seed","false","false","","","",""
"103492","Hero Honig cremig, Portionen, 120 x 25 g","Hero","dessert_ingredients","honey","3","kg","case","","","","","","53.42","per_pack","","","seed_unverified","","seed","seed","seed","seed","false","false","","","",""
"104310","Hero French Dressing ungekühlt 10 l","","sauces_condiments","","530","l","package","1","","","","","","","https://www-static.transgourmet.ch/public/2024-10/kw45-bgh-guide-november-d.pdf","2026-08-22T13:29:35.164Z","verified_public_source","Extracted from an official public Transgourmet PDF.","scraped","scraped","scraped","","false","false","","","",""
"111320","Zuckersticks schwarz, 1000 x 5 g","","dessert_ingredients","sugar","5","kg","pack","","","","","","13.9","per_pack","","","seed_unverified","","seed","seed","seed","seed","false","false","","","",""
"151352","le Chocolat Schokoladengetränk -.60","Cailler","non_alcoholic_drinks","","22","g","package","1","","","","","","","https://www-static.transgourmet.ch/public/2024-10/kw45-bgh-guide-november-d.pdf","2026-08-22T13:29:35.164Z","verified_public_source","Extracted from an official public Transgourmet PDF.","scraped","scraped","scraped","","false","false","","","",""
"152410","Mayonnaise","Thomy","sauces_condiments","","880","g","case","6","","","","","","","https://www-static.transgourmet.ch/public/2024-10/kw45-bgh-guide-november-d.pdf","2026-08-22T13:29:35.164Z","verified_public_source","Extracted from an official public Transgourmet PDF.","scraped","scraped","scraped","","false","false","","","",""
"152501","Thomy Mayonnaise à la française, 10,5 kg","Thomy","sauces_condiments","mayonnaise","10.5","kg","package","1","","","","","87.05","per_pack","https://www-static.transgourmet.ch/public/2024-10/kw45-bgh-guide-november-d.pdf","2026-08-22T13:29:35.164Z","verified_public_source","Extracted from an official public Transgourmet PDF.","merged","merged","scraped","seed","false","true","salesUnit","pack seed=[value=10.5;unit=kg;salesUnit=bucket;units=] scraped=[value=3;unit=kg;salesUnit=package;units=1]","Official promotions identify article 152501 as Thomy French-style mayonnaise, 10.5 kg. Bucket versus generic package remains unresolved.","https://www-static.transgourmet.ch/public/2024-03/kw14-bgh-guide-april-d.pdf"
"152861","Tartaraise 1440","Thomy","sauces_condiments","","1","l","package","1","","","","","","","https://www-static.transgourmet.ch/public/2024-10/kw45-bgh-guide-november-d.pdf","2026-08-22T13:29:35.164Z","verified_public_source","Extracted from an official public Transgourmet PDF.","scraped","scraped","scraped","","false","false","","","",""
"213470","Economy Fusilli, 5 kg","Economy","rice_pasta_grains","pasta","5","kg","bag","1","","","","","","","https://web.transgourmet.ch/de/prodega-easy/catalog/article/213470","2026-08-22","official_product_verified_price_unverified","Official product and pack size verified; public page did not expose price.","seed","seed","seed","","false","false","","","",""
"228060","Weissmehl, Type 550, 25 kg","","rice_pasta_grains","flour","25","kg","bag","","","","","","1.39","per_kg","","","seed_unverified","","seed","seed","seed","seed","false","false","","","",""
"228400","Bio Weissmehl","","rice_pasta_grains","","1","kg","case","10","","","","","","","https://www-static.transgourmet.ch/public/2022-06/kw24-bgh-natura-sortimentsbroeschuere-d.pdf","2026-08-22T13:29:24.185Z","verified_public_source","Extracted from an official public Transgourmet PDF.","scraped","scraped","scraped","","false","false","","","",""
"234790","Carnaroli Risottoreis, 5 kg","Reismühle Brunnen","rice_pasta_grains","rice_risotto","5","kg","bag","1","","","","","","","https://web.transgourmet.ch/de/prodega-easy/catalog/article/234790","2026-08-22","official_product_verified_price_unverified","Official product and pack size verified; public page did not expose price.","seed","seed","seed","","false","false","","","",""
"234861","Parboiled Vitamin Rice, 5 kg","Reismühle Brunnen","rice_pasta_grains","rice_long_grain","5","kg","bag","1","","","","","","","https://web.transgourmet.ch/de/prodega-easy/catalog/article/234861","2026-08-22","official_product_verified_price_unverified","Official product and pack size verified; public page did not expose price.","seed","seed","seed","","false","false","","","",""
"234980","Basmati Reis, 5 kg","Reismühle Brunnen","rice_pasta_grains","rice_basmati","5","kg","bag","1","","","","","","","https://web.transgourmet.ch/de/prodega-easy/catalog/article/234980","2026-08-22","official_product_verified_price_unverified","Official product and pack size verified; public page did not expose price.","seed","seed","seed","","false","false","","","",""
"241062","Lu Tuc classic, 3 x 100 g","Lu Tuc","bread_bakery","crackers","300","g","pack","","","","","","1.20","per_pack","","","seed_unverified","","seed","seed","seed","seed","false","false","","","",""
"241341","Oreo Original, 3 x 154 g","Oreo","bread_bakery","biscuits","462","g","pack","3","","","","","2.29","per_piece","","","seed_unverified","","seed","seed","seed","seed","false","false","","","",""
"260080","Haco Mayonnaise 5250","","sauces_condiments","","4","kg","package","1","","","","","","","https://www-static.transgourmet.ch/public/2024-10/kw45-bgh-guide-november-d.pdf","2026-08-22T13:29:35.164Z","verified_public_source","Extracted from an official public Transgourmet PDF.","scraped","scraped","scraped","","false","false","","","",""
"333951","Cailler Cuisine Kakaopulver, 800 g","Cailler","dessert_ingredients","cocoa_powder","800","g","pack","","","","","","14.0","per_pack","","","seed_unverified","","seed","seed","seed","seed","false","false","","","",""
"371061","Quality Mandeln, braun, gemahlen, 1 kg","Quality","dessert_ingredients","nuts_almonds","1","kg","bag","1","","","","","","","https://web.transgourmet.ch/de/prodega-easy/catalog/article/371061","2026-08-22","official_product_verified_price_unverified","Official product and pack size verified; public page did not expose price.","seed","seed","seed","","false","false","","","",""
"392040","Ananas 50-55 Stücke in Saft","Quality","non_alcoholic_drinks","","567","g","case","6","","","","","","","https://www-static.transgourmet.ch/public/2024-02/kw09-bgh-lastminute-d.pdf","2026-08-22T13:29:27.506Z","verified_public_source","Extracted from an official public Transgourmet PDF.","scraped","scraped","scraped","","false","false","","","",""
"392070","Quality Ananas im eigenen Saft, 10 Scheiben, 6 x 567 g","Quality","vegetables_fruit","pineapple","3.402","kg","case","","","","","","1.75","per_pack","","","seed_unverified","","seed","seed","seed","seed","false","false","","","",""
"396130","Raimond Frères MSC Thon rosé in Wasser, 4 x 200 g","Raimond Frères","fish_seafood","tuna","800","g","pack","4","","","","","1.75","per_piece","","","seed_unverified","","seed","seed","seed","seed","false","false","","","",""
"396210","Raimond Frères MSC Sardellenfilets, eingelegt in Olivenöl, 5 x 50 g","Raimond Frères","fish_seafood","anchovies","250","g","pack","5","","","","","1.99","per_piece","","","seed_unverified","","seed","seed","seed","seed","false","false","","","",""
"396371","Raimond Frères Thon Tongol hell in Sonnenblumenöl, 5 x 100 g","Raimond Frères","fish_seafood","tuna","500","g","pack","","","","","","1.39","per_pack","","","seed_unverified","","seed","seed","seed","seed","false","false","","","",""
"396540","Quality Sardellenfilets in Sonnenblumenöl, 794 g","Quality","fish_seafood","anchovies","794","g","can","","","","","","14.95","per_pack","","","seed_unverified","","seed","seed","seed","seed","false","false","","","",""
"398460","Iliada Oliven grün, entsteint, 3,1 kg","Iliada","sauces_condiments","olives","3.1","kg","jar","","","","","","15.2","per_pack","","","seed_unverified","","seed","seed","seed","seed","false","false","","","",""
"398470","Iliada Kalamata Oliven, entsteint, 3,1 kg","Iliada","sauces_condiments","olives","3.1","kg","jar","","","","","","18.95","per_pack","","","seed_unverified","","seed","seed","seed","seed","false","false","","","",""
"402900","Thai Kitchen Rote Curry Paste, 225 g","Thai Kitchen","sauces_condiments","curry_paste","225","g","jar","","","","","","4.35","per_pack","","","seed_unverified","","seed","seed","seed","seed","false","false","","","",""
"403130","Thai Kitchen Rote Curry Paste vegan, 1 kg","Thai Kitchen","sauces_condiments","curry_paste","1","kg","pack","","","","","","11.15","per_pack","","","seed_unverified","","seed","seed","seed","seed","false","false","","","",""
"403240","Mae Ploy Curry Paste rot, 400 g","Mae Ploy","sauces_condiments","curry_paste","400","g","tub","","","","","","2.85","per_pack","","","seed_unverified","","seed","seed","seed","seed","false","false","","","",""
"403250","Mae Ploy Curry Paste grün, 400 g","Mae Ploy","sauces_condiments","curry_paste","400","g","tub","","","","","","2.85","per_pack","","","seed_unverified","","seed","seed","seed","seed","false","false","","","",""
"403260","Mae Ploy Curry Paste gelb, vegan, 400 g","Mae Ploy","sauces_condiments","curry_paste","400","g","tub","","","","","","2.85","per_pack","","","seed_unverified","","seed","seed","seed","seed","false","false","","","",""
"410001","Bio Weizenvollkornmehl","","rice_pasta_grains","","1","kg","case","10","","","","","","","https://www-static.transgourmet.ch/public/2022-06/kw24-bgh-natura-sortimentsbroeschuere-d.pdf","2026-08-22T13:29:24.185Z","verified_public_source","Extracted from an official public Transgourmet PDF.","scraped","scraped","scraped","","false","false","","","",""
"410571","Bio Buchweizenmehl","","rice_pasta_grains","","1","kg","case","10","","","","","","","https://www-static.transgourmet.ch/public/2022-06/kw24-bgh-natura-sortimentsbroeschuere-d.pdf","2026-08-22T13:29:24.185Z","verified_public_source","Extracted from an official public Transgourmet PDF.","scraped","scraped","scraped","","false","false","","","",""
"410970","Barilla Spaghetti n°5, 500 g","Barilla","rice_pasta_grains","pasta","500","g","pack","","","","","","1.79","per_pack","","","seed_unverified","","seed","seed","seed","seed","false","false","","","",""
"410990","Barilla Penne Rigate n°73, 500 g","Barilla","rice_pasta_grains","pasta","500","g","pack","","","","","","1.99","per_pack","","","seed_unverified","","seed","seed","seed","seed","false","false","","","",""
"411002","Roco Konfitüren assortiert, Portionen, 6 x 20 x 25 g","Roco","dessert_ingredients","jam","3","kg","case","","","","","","29.88","per_pack","","","seed_unverified","","seed","seed","seed","seed","false","false","","","",""
"411140","Bio Spaghetti","","rice_pasta_grains","","5","kg","package","1","","","","","","","https://www-static.transgourmet.ch/public/2022-06/kw24-bgh-natura-sortimentsbroeschuere-d.pdf","2026-08-22T13:29:24.185Z","verified_public_source","Extracted from an official public Transgourmet PDF.","scraped","scraped","scraped","","false","false","","","",""
"411150","Bio Carnaroli Risottoreis","","rice_pasta_grains","","5","kg","package","1","","","","","","","https://www-static.transgourmet.ch/public/2022-06/kw24-bgh-natura-sortimentsbroeschuere-d.pdf","2026-08-22T13:29:24.185Z","verified_public_source","Extracted from an official public Transgourmet PDF.","scraped","scraped","scraped","","false","false","","","",""
"411160","Bio Basmati Reis","","rice_pasta_grains","","5","kg","package","1","","","","","","","https://www-static.transgourmet.ch/public/2022-06/kw24-bgh-natura-sortimentsbroeschuere-d.pdf","2026-08-22T13:29:24.185Z","verified_public_source","Extracted from an official public Transgourmet PDF.","scraped","scraped","scraped","","false","false","","","",""
"411170","Natura Bio Langkornreis Parboiled, 5 kg","Natura","rice_pasta_grains","rice_long_grain","5","kg","bag","1","","","","","","","https://www-static.transgourmet.ch/public/2022-06/kw24-bgh-natura-sortimentsbroeschuere-d.pdf","2026-08-22T13:29:24.185Z","verified_public_source","Extracted from an official public Transgourmet PDF.","merged","merged","scraped","","false","false","","","Official product page identifies the full name and a 5 kg bag.","https://web.transgourmet.ch/de/prodega-easy/catalog/article/411170"
"411180","Bio Quinoa weiss","","rice_pasta_grains","","1","kg","package","1","","","","","","","https://www-static.transgourmet.ch/public/2022-06/kw24-bgh-natura-sortimentsbroeschuere-d.pdf","2026-08-22T13:29:24.185Z","verified_public_source","Extracted from an official public Transgourmet PDF.","scraped","scraped","scraped","","false","false","","","",""
"411190","Bio Quinoa schwarz","","rice_pasta_grains","","1","kg","package","1","","","","","","","https://www-static.transgourmet.ch/public/2022-06/kw24-bgh-natura-sortimentsbroeschuere-d.pdf","2026-08-22T13:29:24.185Z","verified_public_source","Extracted from an official public Transgourmet PDF.","scraped","scraped","scraped","","false","false","","","",""
"411210","Bio Quinoa rot","","rice_pasta_grains","","1","kg","package","1","","","","","","","https://www-static.transgourmet.ch/public/2022-06/kw24-bgh-natura-sortimentsbroeschuere-d.pdf","2026-08-22T13:29:24.185Z","verified_public_source","Extracted from an official public Transgourmet PDF.","scraped","scraped","scraped","","false","false","","","",""
"411220","Bio Quinoa tricolore","","rice_pasta_grains","","1","kg","package","1","","","","","","","https://www-static.transgourmet.ch/public/2022-06/kw24-bgh-natura-sortimentsbroeschuere-d.pdf","2026-08-22T13:29:24.185Z","verified_public_source","Extracted from an official public Transgourmet PDF.","scraped","scraped","scraped","","false","false","","","",""
"411420","Bio Couscous","","rice_pasta_grains","","500","g","package","1","","","","","","","https://www-static.transgourmet.ch/public/2022-06/kw24-bgh-natura-sortimentsbroeschuere-d.pdf","2026-08-22T13:29:24.185Z","verified_public_source","Extracted from an official public Transgourmet PDF.","scraped","scraped","scraped","","false","false","","","",""
"411490","Bio Haferflocken fein","","rice_pasta_grains","","500","g","package","1","","","","","","","https://www-static.transgourmet.ch/public/2022-06/kw24-bgh-natura-sortimentsbroeschuere-d.pdf","2026-08-22T13:29:24.185Z","verified_public_source","Extracted from an official public Transgourmet PDF.","scraped","scraped","scraped","","false","false","","","",""
"411500","Bio Haferflocken grob","","rice_pasta_grains","","500","g","package","1","","","","","","","https://www-static.transgourmet.ch/public/2022-06/kw24-bgh-natura-sortimentsbroeschuere-d.pdf","2026-08-22T13:29:24.185Z","verified_public_source","Extracted from an official public Transgourmet PDF.","scraped","scraped","scraped","","false","false","","","",""
"413040","Natura Bio Knospe Kernenmix, 1 kg","Natura","dessert_ingredients","seeds","1","kg","bag","","","","","","8.89","per_pack","","","seed_unverified","","seed","seed","seed","seed","false","false","","","",""
"428120","Nectaflor Blütenhonig, 2,8 kg","Nectaflor","dessert_ingredients","honey","2.8","kg","bottle","","","","","","23.5","per_pack","","","seed_unverified","","seed","seed","seed","seed","false","false","","","",""
"456101","Cailler Kakao Pulver, 200 g","Cailler","dessert_ingredients","cocoa_powder","200","g","pack","","","","","","5.85","per_pack","","","seed_unverified","","seed","seed","seed","seed","false","false","","","",""
"458620","Hellmann's Real Mayonnaise Squeeze, 8 x 430 ml","Hellmann's","sauces_condiments","mayonnaise","3440","ml","case","","","","","","34.00","per_pack","","","seed_unverified","","seed","seed","seed","seed","false","false","","","",""
"500870","Hugo Reitzel Silberzwiebeln, 1,1 kg","Hugo Reitzel","sauces_condiments","pickled_onions","1.1","kg","pack","","","","","","5.75","per_pack","","","seed_unverified","","seed","seed","seed","seed","false","false","","","",""
"507091","KitKat Sauce Dessert Schokolade","","sauces_condiments","","1","l","case","6","","","","","","","https://www-static.transgourmet.ch/public/2024-10/kw45-bgh-guide-november-d.pdf","2026-08-22T13:29:35.164Z","verified_public_source","Extracted from an official public Transgourmet PDF.","scraped","scraped","scraped","","false","false","","","",""
"511000","Quality Kichererbsen, 2,55 kg","Quality","rice_pasta_grains","legumes_chickpeas","1.5","kg","can","1","","","","","","","https://web.transgourmet.ch/de/prodega-easy/catalog/article/511000","2026-08-22","official_product_verified_price_unverified","Usable/drained weight 1.5 kg; gross can weight 2.55 kg. Public page did not expose price.","seed","seed","seed","","false","false","","","",""
"561000","Kühne Burger Gurken wellig, 3,285 kg","Kühne","sauces_condiments","pickles","1.58","kg","can","1","","","","","","","https://web.transgourmet.ch/de/prodega-easy/catalog/article/561000","2026-08-22","official_product_verified_price_unverified","Usable/drained weight 1.58 kg; gross can weight 3.285 kg. Public page did not expose price.","seed","seed","seed","","false","false","","","",""
"566880","Maille Senf nach alter Art, 210 g","Maille","sauces_condiments","mustard","210","g","jar","","","","","","2.79","per_pack","","","seed_unverified","","seed","seed","seed","seed","false","false","","","",""
"566890","Maille Original Dijon-Senf, 215 g","Maille","sauces_condiments","mustard","215","g","jar","","","","","","2.59","per_pack","","","seed_unverified","","seed","seed","seed","seed","false","false","","","",""
"590107","Quality Sonnenblumenöl, 12 l","Quality","sauces_condiments","cooking_oil","12","l","case","","","","","","3.64","per_liter","","","seed_unverified","","seed","seed","seed","seed","false","false","","","",""
"590596","Knorr Professional Tomato Pronto Tomatensauce","","sauces_condiments","","3","kg","case","4","","","","","","","https://www-static.transgourmet.ch/public/2024-10/kw45-bgh-guide-november-d.pdf","2026-08-22T13:29:35.164Z","verified_public_source","Extracted from an official public Transgourmet PDF.","scraped","scraped","scraped","","false","false","","","",""
"590943","Hero Balsamico Dressing ungekühlt 10 l","","sauces_condiments","","490","l","package","1","","","","","","","https://www-static.transgourmet.ch/public/2024-10/kw45-bgh-guide-november-d.pdf","2026-08-22T13:29:35.164Z","verified_public_source","Extracted from an official public Transgourmet PDF.","scraped","scraped","scraped","","false","false","","","",""
"590944","Hero Basico Basis für Salatsaucen ungekühlt","","sauces_condiments","","10","l","package","1","","","","","","","https://www-static.transgourmet.ch/public/2024-10/kw45-bgh-guide-november-d.pdf","2026-08-22T13:29:35.164Z","verified_public_source","Extracted from an official public Transgourmet PDF.","scraped","scraped","scraped","","false","false","","","",""
"590956","Hero French Dressing Omega 3 ungekühlt 10 l","","sauces_condiments","","475","l","package","1","","","","","","","https://www-static.transgourmet.ch/public/2024-10/kw45-bgh-guide-november-d.pdf","2026-08-22T13:29:35.164Z","verified_public_source","Extracted from an official public Transgourmet PDF.","scraped","scraped","scraped","","false","false","","","",""
"590958","Hero French Dressing mit Kräutern ungekühlt 10 l","","sauces_condiments","","535","l","package","1","","","","","","","https://www-static.transgourmet.ch/public/2024-10/kw45-bgh-guide-november-d.pdf","2026-08-22T13:29:35.164Z","verified_public_source","Extracted from an official public Transgourmet PDF.","scraped","scraped","scraped","","false","false","","","",""
"590963","Hero Italian Dressing Omega 3 ungekühlt 10 l","","sauces_condiments","","615","l","package","1","","","","","","","https://www-static.transgourmet.ch/public/2024-10/kw45-bgh-guide-november-d.pdf","2026-08-22T13:29:35.164Z","verified_public_source","Extracted from an official public Transgourmet PDF.","scraped","scraped","scraped","","false","false","","","",""
"591087","Wiberg Vanille Gourmet gemahlen, mit Vanillemark, 100 g","Wiberg","dessert_ingredients","vanilla","100","g","jar","","","","","","52.0","per_pack","","","seed_unverified","","seed","seed","seed","seed","false","false","","","",""
"605450","Eistee","Club Mate","non_alcoholic_drinks","","330","ml","case","24","","","","","","","https://www-static.transgourmet.ch/public/2024-02/kw09-bgh-lastminute-d.pdf","2026-08-22T13:29:27.506Z","verified_public_source","Extracted from an official public Transgourmet PDF.","scraped","scraped","scraped","","false","false","","","",""
"614470","Ramseier Premium Ananassaft","","non_alcoholic_drinks","","1","l","case","12","","","","","","","https://www-static.transgourmet.ch/public/2024-02/kw09-bgh-lastminute-d.pdf","2026-08-22T13:29:27.506Z","verified_public_source","Extracted from an official public Transgourmet PDF.","scraped","scraped","scraped","","false","false","","","",""
"614570","Ramseier Premium Grapefruitsaft","","non_alcoholic_drinks","","1","l","case","12","","","","","","","https://www-static.transgourmet.ch/public/2024-02/kw09-bgh-lastminute-d.pdf","2026-08-22T13:29:27.506Z","verified_public_source","Extracted from an official public Transgourmet PDF.","scraped","scraped","scraped","","false","false","","","",""
"614710","Ramseier Premium Orangensaft 100%","","non_alcoholic_drinks","","250","ml","case","27","","","","","","","https://www-static.transgourmet.ch/public/2024-02/kw09-bgh-lastminute-d.pdf","2026-08-22T13:29:27.506Z","verified_public_source","Extracted from an official public Transgourmet PDF.","scraped","scraped","scraped","","false","false","","","",""
"614741","Ramseier Orangensaft","","non_alcoholic_drinks","","1","l","case","12","","","","","","","https://www-static.transgourmet.ch/public/2024-02/kw09-bgh-lastminute-d.pdf","2026-08-22T13:29:27.506Z","verified_public_source","Extracted from an official public Transgourmet PDF.","scraped","scraped","scraped","","false","false","","","",""
"614771","Ramseier Premium Traubensaft","","non_alcoholic_drinks","","1","l","case","4","","","","","","","https://www-static.transgourmet.ch/public/2024-02/kw09-bgh-lastminute-d.pdf","2026-08-22T13:29:27.506Z","verified_public_source","Extracted from an official public Transgourmet PDF.","scraped","scraped","scraped","","false","false","","","",""
"621510","San Pellegrino Mineral, 6 x 1.25 l","Sanpellegrino","non_alcoholic_drinks","mineral_water","7.5","l","case","6","","","","","0.99","per_piece","","","seed_unverified","","seed","seed","seed","seed","false","false","","","",""
"626960","Aquina ohne CO2, Pack zu 24 Fl. x 50 cl","Aquina","non_alcoholic_drinks","mineral_water","500","ml","case","24","","","","","0.46","per_piece","https://www-static.transgourmet.ch/public/2024-02/kw09-bgh-lastminute-d.pdf","2026-08-22T13:29:27.506Z","verified_public_source","Extracted from an official public Transgourmet PDF.","merged","merged","scraped","seed","false","false","","","Official catalogue identifies 24 x 50 cl; 12 l seed total and 500 ml x 24 normalized pack are equivalent.","https://web.transgourmet.ch/de/prodega-easy/catalog/article/626960"
"626970","Aquina mit CO2, Pack zu 24 Fl. x 50 cl","Aquina","non_alcoholic_drinks","mineral_water","500","ml","case","24","","","","","0.46","per_piece","https://www-static.transgourmet.ch/public/2024-02/kw09-bgh-lastminute-d.pdf","2026-08-22T13:29:27.506Z","verified_public_source","Extracted from an official public Transgourmet PDF.","merged","merged","scraped","seed","false","false","","","Official catalogue identifies 24 x 50 cl; 12 l seed total and 500 ml x 24 normalized pack are equivalent.","https://web.transgourmet.ch/de/prodega-easy/catalog?cHwgId=5"
"628030","quini Citron, 1,5 l","Quini","non_alcoholic_drinks","soft_drinks","1.5","l","bottle","","","","","","0.99","per_pack","","","seed_unverified","","seed","seed","seed","seed","false","false","","","",""
"682200","Blau Mineralwasser ohne Kohlensäure","Henniez","non_alcoholic_drinks","","1.5","l","case","6","","","","","","","https://www-static.transgourmet.ch/public/2024-02/kw09-bgh-lastminute-d.pdf","2026-08-22T13:29:27.506Z","verified_public_source","Extracted from an official public Transgourmet PDF.","scraped","scraped","scraped","","false","false","","","",""
"682380","Grün Mineralwasser légère","Henniez","non_alcoholic_drinks","","1.5","l","case","6","","","","","","","https://www-static.transgourmet.ch/public/2024-02/kw09-bgh-lastminute-d.pdf","2026-08-22T13:29:27.506Z","verified_public_source","Extracted from an official public Transgourmet PDF.","scraped","scraped","scraped","","false","false","","","",""
"682960","Coca-Cola Zero 6 x 1,5 l","Coca Cola","non_alcoholic_drinks","soft_drinks","9","l","case","","","","","","1.99","per_liter","","","seed_unverified","","seed","seed","seed","seed","false","false","","","",""
"682970","Coca-Cola Zero 4 x 6 x 33 cl","Coca-Cola","non_alcoholic_drinks","soft_drinks","330","ml","case","24","","","","","0.79","per_piece","https://www-static.transgourmet.ch/public/2024-02/kw09-bgh-lastminute-d.pdf","2026-08-22T13:29:27.506Z","verified_public_source","Extracted from an official public Transgourmet PDF.","merged","merged","scraped","seed","false","false","","","Official product page identifies 4 x 6 x 33 cl; 7.92 l seed total and 330 ml x 24 normalized pack are equivalent.","https://web.transgourmet.ch/de/prodega-easy/catalog/article/682970"
"683007","Coca-Cola 4 x 6 x 33 cl","Coca Cola","non_alcoholic_drinks","soft_drinks","7.92","l","case","24","","","","","0.79","per_piece","","","seed_unverified","","seed","seed","seed","seed","false","false","","","",""
"683391","Valser Prickelnd 6 x 1,5 l","Valser","non_alcoholic_drinks","mineral_water","9","l","case","","","","","","0.99","per_liter","","","seed_unverified","","seed","seed","seed","seed","false","false","","","",""
"683440","Coca-Cola 6 x 1,5 l","Coca Cola","non_alcoholic_drinks","soft_drinks","9","l","case","","","","","","1.99","per_liter","","","seed_unverified","","seed","seed","seed","seed","false","false","","","",""
"683880","Grapefruit","Pepita","non_alcoholic_drinks","","500","ml","case","24","","","","","","","https://www-static.transgourmet.ch/public/2024-02/kw09-bgh-lastminute-d.pdf","2026-08-22T13:29:27.506Z","verified_public_source","Extracted from an official public Transgourmet PDF.","scraped","scraped","scraped","","false","false","","","",""
"686120","Zitrone-Schwarztee","Nestea","non_alcoholic_drinks","","500","ml","case","24","","","","","","","https://www-static.transgourmet.ch/public/2024-02/kw09-bgh-lastminute-d.pdf","2026-08-22T13:29:27.506Z","verified_public_source","Extracted from an official public Transgourmet PDF.","scraped","scraped","scraped","","false","false","","","",""
"686130","Pfirsich-Schwarztee","Nestea","non_alcoholic_drinks","","500","ml","case","24","","","","","","","https://www-static.transgourmet.ch/public/2024-02/kw09-bgh-lastminute-d.pdf","2026-08-22T13:29:27.506Z","verified_public_source","Extracted from an official public Transgourmet PDF.","scraped","scraped","scraped","","false","false","","","",""
"688660","Valser Still 6 x 1,5 l","Valser","non_alcoholic_drinks","mineral_water","9","l","case","6","","","","","0.99","per_piece","","","seed_unverified","","seed","seed","seed","seed","false","false","","","",""
"688700","Fusetea Lemon Lemongrass 24 x 50 cl","Fusetea","non_alcoholic_drinks","iced_tea","12","l","case","24","","","","","0.99","per_piece","","","seed_unverified","","seed","seed","seed","seed","false","false","","","",""
"688710","Fusetea Peach Hibiscus 24 x 50 cl","Fusetea","non_alcoholic_drinks","iced_tea","12","l","case","24","","","","","0.99","per_piece","","","seed_unverified","","seed","seed","seed","seed","false","false","","","",""
